UN,Data da Verificação,Hidrômetro No,Ano de Inst.,Qn,Qt ,Qmín,Status,REP P/N
MTO,02/01/19,A11N318087,03/11/11,"0,7","0,9","0,6",AP,
MTO,02/01/19,A17F056434,08/05/18,"1,2",0,1,AP,
MTS,02/01/19,A18N191050,21/08/18,"0,54","0,2","4,4",AP,
MTS,02/01/19,A17S268463,30/10/18,"0,06","0,4","1,4",AP,
MTS,02/01/19,A04S013449,11/04/11,2,"0,4","2,4",AP,
,02/01/19,A02S024949,,"0,66",1,"23,8",RP1,N
BCL,02/01/19,A14F247688,06/01/15,"2,94","0,6",5,AP,
MTL,02/01/19,A14F376235,27/10/14,"1,4",2,21,RP1,N
MTS,02/01/19,A02L328969,17/11/08,2,"4,4","1,4",AP,
MTS,02/01/19,A13F236020,26/11/16,"0,56","1,6",11,RP1,N
MTL,02/01/19,A14F202530,11/06/14,"1,7","0,4","5,8",AP,
MTS,02/01/19,A09F257384,10/12/09,"1,74",1,"6,4",AP,
MTS,02/01/19,A18N294482,10/10/18,"0,66",0,"0,6",AP,
MTS,02/01/19,A14F413997,19/12/14,"0,56",2,"0,4",AP,
MTS,03/01/19,A12F371069,12/08/13,"0,1",0,9,AP,
MTS,03/01/19,A16F241527,17/01/17,"0,04","1,2",1,AP,
MTS,03/01/19,A17N278685,11/01/18,"0,56","1,6",1,AP,
MTS,03/01/19,A18N194027,03/08/18,"1,2","0,6","1,2",AP,
MTS,03/01/19,A13F242490,25/02/14,"0,1",4,"46,6",RP1,N
MTS,03/01/19,A16F275890,13/04/17,"0,64","0,6","1,4",AP,
MTS,03/01/19,A12F370910,15/05/13,"1,8","1,6","11,8",RP1,N
MTS,03/01/19,A16F241520,18/01/17,"0,76",3,"38,6",RP1,N
MTS,03/01/19,A07F329433,12/02/08,"1,1","17,6",100,RP2,N
MTS,03/01/19,A14F406741,11/12/14,"1,4",4,100,RP1,N
MTL,03/01/19,A18N175120,16/11/18,"0,94",2,"9,8",AP,
MTL,03/01/19,A09F256077,27/01/10,"0,76",0,5,AP,
MTL,03/01/19,A06F325280,17/05/16,"1,7",1,"0,4",AP,
MTL,03/01/19,A06F314915,27/05/16,"2,3","1,4",11,RP1,N
MTL,03/01/19,A16F260104,25/01/17,"1,1","3,2",0,AP,
MTL,03/01/19,A07F330324,02/04/16,"0,74",1,0,AP,
MTL,03/01/19,A16F147397,26/09/16,"2,2",0,0,AP,
MTL,03/01/19,A06F441090,08/08/16,0,1,"21,6",RP1,N
BME,03/01/19,A10F551823,23/11/11,"0,34","0,4","12,6",RP1,N
BME,03/01/19,A15F238380,29/08/15,"0,36",1,"31,6",RP1,N
BME,03/01/19,A18N194319,02/08/18,"3,24","0,6",4,AP,
BME,03/01/19,A06F307324,22/06/15,0,"1,4","2,4",AP,
MTL,04/01/19,A07F332861,01/11/16,"1,1","1,4",11,RP1,N
MTS,04/01/19,A14F414552,22/12/14,"1,94",2,"42,6",RP1,N
MTS,04/01/19,A18N193779,21/08/18,"0,14",1,0,AP,
MTS,04/01/19,A13F203744,26/12/13,"1,1","0,4",19,RP1,N
MTS,04/01/19,A11F193714,26/12/17,"9,86",11,"7,4",RP2,P
MTS,04/01/19,A07S262408,24/07/07,"2,36","4,4","26,6",RP1,N
MTS,04/01/19,A08F415711,24/09/08,"2,16","1,4","7,6",AP,
MTS,04/01/19,A08F360778,25/09/08,"1,14","62,6",100,RP2,N
MTS,04/01/19,A16F145951,15/09/16,"2,16","37,6",100,RP2,N
MTS,04/01/19,A06F316498,08/04/16,"1,6","0,6",25,RP1,N
MTS,04/01/19,A12F356093,18/03/13,"0,46","1,4",10,AP,
BME,04/01/19,A11N243312,29/09/11,"6,44","9,1","7,5",RP2,P
BME,04/01/19,A02S201569,08/07/11,,,,RP1,N
BME,04/01/19,A16F127618,19/10/16,"15,76",19,7,RP2,P
BME,04/01/19,A10F201835,05/08/11,,,,RP1,N
BME,04/01/19,A09F001661,03/07/09,"4,5",5,37,RP1,N
MTL,04/01/19,A07F237875,23/12/15,"0,96",1,"19,4",RP1,N
MTL,04/01/19,A15F018283,13/02/15,2,0,20,RP1,N
MTL,04/01/19,A08F363517,14/08/08,"12,04","10,6","44,4",RP3,N
MTL,04/01/19,A04L329150,14/05/16,"0,9",0,3,AP,
MTL,04/01/19,A12F283872,17/07/13,"5,4",3,"50,6",RP2,N
MTL,04/01/19,A14F203070,11/06/14,"0,1",0,19,RP1,N
MTL,04/01/19,A18N050022,19/04/18,"0,24",0,1,AP,
MTL,04/01/19,A13F270844,16/05/14,3,0,16,RP1,N
BSI,08/01/19,A08F072758,25/10/18,"0,48","3,4","59,6",RP1,N
BSI,08/01/19,A15F209461,14/10/15,0,"1,4","99,6",RP1,N
BSI,08/01/19,A17F014390,21/02/17,"1,26","0,2",20,RP1,N
BSI,08/01/19,A17F013583,28/04/17,"1,44","1,6",50,RP1,N
BSI,08/01/19,A08F057326,17/05/17,"0,92",1,"38,4",RP1,N
BSI,08/01/19,A08F419735,21/04/18,"0,6",0,"10,4",RP1,N
BME,08/01/19,A12F372305,24/10/13,"0,1",1,9,AP,
BME,08/01/19,A12F372245,28/11/13,"0,24",1,12,RP1,N
BME,08/01/19,A17F100381,05/01/18,"0,44",1,0,AP,
BME,08/01/19,A00S595733,16/03/09,"3,6","6,4","21,6",RP2,N
BME,08/01/19,A04L623853,13/03/09,"3,04","3,6","53,4",RP1,N
BME,08/01/19,A18N149464,09/07/18,"0,26",1,"1,4",AP,
BME,08/01/19,A10F211073,01/11/10,"0,14",1,"41,4",RP1,N
BME,08/01/19,A99S441309,03/11/08,"3,54","6,6","29,4",RP2,N
BME,08/01/19,A10F052006,17/06/10,,,,RP1,N
BME,08/01/19,A15F172264,04/08/16,"0,3","0,6","18,4",RP1,N
MTL,10/01/19,D09S004479,24/11/16,"3,46","21,2",100,RP2,N
MTL,10/01/19,E15L003998,07/11/17,"2,6",2,0,AP,
MTL,10/01/19,F06L000950,21/12/16,"2,7",0,"2,5",AP,
MTL,10/01/19,A12F218660,24/01/13,"0,54","1,2","31,4",RP1,N
MTL,10/01/19,A15F108102,22/04/15,"0,94",1,"45,6",RP1,N
MTL,10/01/19,A17N300907,06/02/18,"0,06",2,3,AP,
MTL,10/01/19,A14F238275,16/07/14,"1,14",0,15,RP1,N
,11/01/19,A11N302860,,"1,54","0,4",1,AP,
MTL,11/01/19,A06F310314,27/07/16,"1,86",0,4,AP,
MTL,11/01/19,A15F201120,07/03/16,"0,76",1,46,RP1,N
MTL,11/01/19,A17F109246,26/12/17,"0,7",1,0,AP,
MTL,11/01/19,A17F022686,26/04/17,"0,74","2,6","6,6",AP,
MTL,11/01/19,A09F240749,10/10/14,"0,6",0,50,RP1,N
MTL,11/01/19,A18N018969,08/03/18,"0,08","2,4","10,6",RP1,N
MTL,11/01/19,A15F018464,10/02/15,"0,4","2,6",95,RP1,N
MTL,11/01/19,A18N090234,13/06/18,"0,1","3,6","2,6",AP,
MTO,14/01/19,A16F150839,14/10/16,"0,12",0,"31,2",RP1,N
MTO,14/01/19,A17F113687,22/12/17,"0,2",1,7,AP,
MTO,14/01/19,A14F204633,09/10/14,"0,84",1,"30,6",RP1,N
MTO,14/01/19,A18N053195,18/04/18,"1,3",0,2,AP,
MTO,14/01/19,A14F306394,02/10/14,"0,76","0,2",6,AP,
MTO,14/01/19,A14F118185,10/07/14,"0,86",2,4,AP,
MTO,14/01/19,A11F229231,20/01/12,"2,06",2,"16,4",RP1,N
MTO,14/01/19,A08F455808,30/12/14,"1,06",2,"26,6",RP1,N
MTS,15/01/19,A14F407676,08/12/14,"0,96",1,41,RP1,N
MTS,15/01/19,A08F450988,17/11/08,"3,16",0,"16,6",RP1,N
MTS,15/01/19,A08F056652,12/03/14,"0,06","1,6",13,RP1,N
MTO,15/01/19,A02S201534,27/08/08,"5,35",14,93,RP3,N
MTO,15/01/19,A11F229109,10/07/12,"1,34","2,4","36,6",RP1,N
MTS,15/01/19,A17F092366,14/11/17,"1,22","2,4",2,AP,
MTS,15/01/19,A07S618149,27/02/09,"0,92","0,6","2,8",AP,
MTS,15/01/19,A12F098706,28/07/12,"0,86",1,"32,4",RP1,N
BME,15/01/19,A13F248510,31/05/14,0,3,"99,6",RP1,N
MTL,16/01/19,C12L004073,14/08/14,"4,3",2,"16,2",RP1,N
MTL,16/01/19,C04S002682,28/09/16,"2,26",4,"5,4",AP,
MTL,16/01/19,E15L003852,20/02/18,"2,2",1,15,RP1,N
MTL,16/01/19,A14F304006,15/09/14,"1,9",4,13,RP1,N
MTL,16/01/19,A18N308400,30/10/18,"0,48",0,"0,6",AP,
MTL,16/01/19,A10F169707,21/09/10,"0,7",1,88,RP1,N
MTL,16/01/19,A14F284051,14/08/14,"1,86","1,4",21,RP1,N
MTL,16/01/19,A07F335410,26/09/14,"1,24",0,35,RP1,N
MTL,16/01/19,A15F017280,09/02/15,"2,3","4,4","60,6",RP1,N
MTN,17/01/19,C15L006383,12/11/18,"1,96","5,8","2,4",RP1,N
MTL,17/01/19,F08S003174,07/10/14,,,,RP1,N
MTL,17/01/19,A09F038598,05/05/16,1,2,"40,6",RP1,N
MTL,17/01/19,A02S685466,18/04/11,"1,12","1,4","8,4",AP,
MTO,17/01/19,A14F408550,19/12/14,"0,7","0,2",28,RP1,N
MTO,17/01/19,A18N187559,12/10/18,"1,7","0,8","3,2",AP,
MTO,17/01/19,A08F495965,14/06/17,"0,22",0,"6,2",AP,
MTO,17/01/19,A06S703972,10/08/12,"3,54","8,6",25,RP2,N
MTO,17/01/19,A18N187473,09/10/18,"0,3","0,4","0,6",AP,
MTO,17/01/19,A18N142675,26/09/18,"1,46","0,6",2,AP,
MTO,17/01/19,A18N142567,24/09/18,"1,74","0,2","0,2",AP,
BME,17/01/19,A18N037757,26/03/18,1,"0,2","0,6",AP,
MTL,18/01/19,A13F158087,15/07/15,"0,5",2,"10,6",RP1,N
MTL,18/01/19,A18N210268,12/09/18,"0,9","0,2","1,6",AP,
MTL,18/01/19,A06F299457,06/12/16,"1,8","0,4","1,4",AP,
MTL,18/01/19,A18N175613,17/11/18,1,"1,4","8,8",AP,
MTL,18/01/19,A09F215502,14/10/09,"0,36","0,4","17,4",RP1,N
MTL,18/01/19,A18N308210,10/11/18,"6,2","1,4","4,4",RP1,P
MTL,18/01/19,A18N180806,04/09/18,"0,8","0,6","7,6",AP,
MTL,18/01/19,A18N180896,18/08/18,"0,46",1,13,RP1,N
BBA,18/01/19,A10F169232,09/05/11,"1,4",0,4,AP,
MTL,18/01/19,A02S435396,14/01/09,"8,8",32,100,RP3,N
MTL,18/01/19,A15F161244,10/07/15,"0,84","1,6","11,6",RP1,N
MTL,18/01/19,A18N309248,29/10/18,"0,76","0,2","0,6",AP,
MTL,18/01/19,A07F306743,02/03/15,"0,32",1,12,RP1,N
MTL,18/01/19,A07F337514,06/03/15,"3,24",0,"18,6",RP1,N
MTL,18/01/19,A12F375164,04/10/13,"0,74","0,6","32,8",RP1,N
MTL,18/01/19,A02L375908,30/06/09,"5,1","3,8","19,2",RP2,N
MTL,18/01/19,A13F264991,20/03/14,"1,8","0,6","23,4",RP1,N
BSI,18/01/19,A16F210682,06/12/16,"0,96","5,4",100,RP2,N
BME,18/01/19,A06F276085,06/04/06,"1,9",1,3,AP,
BME,18/01/19,A04S158076,22/07/11,"0,04",2,3,AP,
BME,18/01/19,A17F033491,01/09/17,"0,26","1,2","0,4",AP,
BME,18/01/19,A15F040692,23/01/17,"2,1",2,29,RP1,N
BME,18/01/19,A15F251526,18/11/15,"0,54","1,4","8,4",AP,
BME,18/01/19,A08F474360,27/01/09,"1,64","2,6",72,RP1,N
BME,18/01/19,A17F015475,20/03/17,"9,4",12,"71,6",RP3,P
BME,18/01/19,A18N033635,11/05/18,"0,36",1,"0,4",AP,
BME,18/01/19,A12F291261,05/04/13,"96,3","85,4","91,6",RP3,N
MTO,19/01/19,A04S259457,03/09/13,"1,86",4,16,RP1,N
MTO,19/01/19,A01S684241,20/05/09,"9,4","16,6","30,4",RP3,N
MTS,19/01/19,A09F158069,10/11/18,"0,56",0,2,AP,
MTO,19/01/19,A18N141679,22/09/18,"0,6","0,4","1,8",AP,
MTO,19/01/19,A18N213266,17/08/18,"0,44","0,2","0,8",AP,
MTS,19/01/19,A09F282457,27/06/14,"1,34","0,4","1,4",AP,
MTO,19/01/19,A04S350788,30/11/12,"1,54","0,6","0,6",AP,
MTO,19/01/19,A10F016007,06/05/10,"0,1",4,100,RP1,N
MTS,19/01/19,A13F195901,11/06/14,"0,66",1,33,RP1,N
MTS,19/01/19,A06F385819,26/11/14,"1,4","1,6","23,4",RP1,N
MTS,19/01/19,A14F377064,03/11/14,"1,38",1,"53,6",RP1,N
MTS,19/01/19,A18N233491,15/12/18,1,0,"2,4",AP,
MTS,19/01/19,A07S620927,24/01/08,"1,5","10,6","45,4",RP2,N
MTS,19/01/19,A18N295697,21/11/18,"0,9",1,1,AP,
MTS,19/01/19,A10F006500,15/04/10,,,,RP1,N
BME,19/01/19,A06F403966,03/12/15,"9,3",11,0,RP2,P
BME,19/01/19,A06F381325,04/09/06,,,,RP1,N
BME,19/01/19,A02S225818,29/03/07,3,6,"0,2",RP1,P
BME,19/01/19,A03S022073,28/07/11,"1,1",0,8,AP,
BME,19/01/19,A12F148927,10/08/12,"4,96",8,"3,4",RP1,P
BME,19/01/19,A10F133877,01/10/10,,,,RP1,N
BME,19/01/19,A99S524087,08/01/09,,,,RP1,N
MTO,21/01/19,A14F077615,13/05/14,"1,32","2,4","22,6",RP1,N
MTO,21/01/19,A99L357701,14/11/08,"1,64",2,"5,6",AP,
MTO,21/01/19,A15F124692,10/07/15,"1,46",0,"18,6",RP1,N
MTO,21/01/19,A06F404148,28/11/14,"2,14","1,4",44,RP1,N
MTO,21/01/19,A18N092929,18/07/18,"0,84","1,4",0,AP,
MTO,21/01/19,A10F551011,08/02/11,"1,54","0,6",8,AP,
MTO,21/01/19,A15F321838,27/12/17,1,"0,4","5,4",AP,
MTO,21/01/19,A06F530735,03/09/16,"0,24",0,"1,6",AP,
MTO,21/01/19,A11F325946,07/03/12,"0,74","0,4",7,AP,
MTO,21/01/19,A04S426264,22/08/13,"1,26","5,4",19,RP2,N
MTO,21/01/19,A12F353586,17/04/13,"0,92",2,10,AP,
MTO,21/01/19,A15F024089,06/08/15,"1,76","0,8","3,6",AP,
MTO,21/01/19,A08F491915,12/03/09,"0,9",3,99,RP1,N
MTO,21/01/19,A15F265623,19/02/16,"0,6",2,"25,6",RP1,N
MTO,21/01/19,A09F006328,26/08/13,"0,54",1,34,RP1,N
MTO,21/01/19,A08F475216,07/11/16,"0,56","0,6","9,6",AP,
MTO,21/01/19,A17F002287,14/02/17,"6,34","7,6",3,RP2,P
MTO,22/01/19,A06F374984,23/05/16,"0,1",4,2,AP,
MTO,22/01/19,A18N054096,05/06/18,"1,16",1,"0,4",AP,
MTN,22/01/19,A04S124798,19/07/12,"2,14",0,"4,6",AP,
MTO,22/01/19,A08F477692,02/03/09,"0,5","1,4","98,6",RP1,N
MTO,22/01/19,A09F220996,05/10/09,"0,1","1,4","40,6",RP1,N
MTO,22/01/19,A18N292685,12/12/18,"0,66","0,6","0,8",AP,
MTO,22/01/19,A18N186278,05/12/18,"0,86","0,2","0,4",AP,
MTO,22/01/19,A10F020768,11/02/10,"1,26","1,4","25,6",RP1,N
MTO,22/01/19,A10F506243,04/02/11,0,0,"4,4",AP,
MTO,22/01/19,A14F079354,15/05/14,"1,16",0,24,RP1,N
MTO,22/01/19,A10F555869,05/04/11,"0,16","1,6","7,2",AP,
BME,22/01/19,A10F488590,28/10/11,,,,RP1,N
BME,22/01/19,A12F039514,07/09/18,"0,4",0,"2,4",AP,
,22/01/19,A17F312575,,"1,04",0,2,AP,
BME,22/01/19,A12F241353,05/03/13,"0,5",1,"13,4",RP1,N
BME,22/01/19,A02S080972,21/07/09,100,100,100,RP3,N
BME,22/01/19,A05F059643,21/05/10,"3,06","3,4",57,RP1,N
BME,22/01/19,A06S462432,11/12/06,"1,6",3,"1,4",AP,
BME,22/01/19,A03S024399,18/03/16,"15,42","11,6",10,RP3,N
BME,22/01/19,A18N062963,01/08/18,"1,04","0,6",2,AP,
MTS,23/01/19,A18N105929,18/04/18,"0,1","0,4","3,6",AP,
MTO,23/01/19,A18N213631,20/08/18,"0,04",0,"0,4",AP,
MTO,23/01/19,A17F112006,26/12/17,"0,56",0,"0,4",AP,
MTO,23/01/19,A08F516296,15/05/18,"0,66",3,5,AP,
MTO,23/01/19,A14F118888,05/08/14,"0,7",2,"16,6",RP1,N
MTS,23/01/19,A08F429518,03/11/08,"2,8",2,"13,4",RP1,N
MTS,23/01/19,A08F225398,26/04/18,2,1,"9,6",AP,
MTO,23/01/19,A06S519271,21/09/13,"1,9","0,4","3,2",AP,
MTN,23/01/19,A12F335999,25/02/13,"1,7","0,4",16,RP1,N
MTN,23/01/19,A04S065083,28/06/11,"0,1",1,"1,4",AP,
MTN,23/01/19,A18N378561,07/12/18,"0,94","0,6",0,AP,
MTN,23/01/19,A08F434251,16/12/13,"2,86","1,4","11,6",RP1,N
MTN,23/01/19,A18N317839,27/11/18,"0,4",1,"1,2",AP,
MTN,23/01/19,A08F511664,22/06/11,"1,24",10,100,RP2,N
MTN,23/01/19,A08F293649,13/12/17,"0,6",2,3,AP,
MTO,23/01/19,A18N320887,26/10/18,"1,5","0,4","1,6",AP,
MTO,23/01/19,A18N319872,22/10/18,"0,6","0,4",0,AP,
MTO,23/01/19,A17N286903,10/08/18,"0,4","1,4",2,AP,
MTO,23/01/19,A02S200911,22/11/08,"4,65","10,5",93,RP2,N
MTO,23/01/19,A03S063280,03/12/10,6,"9,4",37,RP3,N
MTO,23/01/19,A13F149114,22/10/13,"0,56","1,2","0,2",AP,
MTO,23/01/19,A08F470559,26/11/08,,,,RP1,N
BME,23/01/19,A13F232888,05/04/14,"0,16","0,4","1,4",AP,
BME,23/01/19,A13F150190,07/03/14,"1,56","27,4",100,RP2,N
BME,23/01/19,A07F267208,28/04/08,"3,56","2,4",14,RP1,N
MTL,24/01/19,D14L004844,07/11/17,"1,26",5,"2,8",AP,
MTL,24/01/19,A17F022918,29/04/17,,,,RP1,N
MTL,24/01/19,A08F475995,10/08/16,1,"0,4","4,6",AP,
MTL,24/01/19,A06F326482,21/12/16,"0,9",1,32,RP1,N
MTL,24/01/19,A12F032290,28/04/12,"1,16","1,4",20,RP1,N
MTL,24/01/19,A10F478859,23/12/10,,,,RP1,N
MTL,24/01/19,A14F115483,29/07/14,"0,5","3,6","4,6",AP,
MTL,24/01/19,A16F055924,01/06/16,"2,58","0,6",1,AP,
MTL,24/01/19,A07S134916,25/09/14,"1,16","1,4",10,AP,
MTL,25/01/19,E04S001735,25/03/10,"2,32","1,2",5,AP,
MTN,25/01/19,A18N317036,27/11/18,"0,8","1,4","1,6",AP,
MTN,25/01/19,A18N102591,16/04/18,"0,2",0,0,AP,
MTN,25/01/19,A15F136413,21/10/15,"1,2","0,6","34,8",RP1,N
MTN,25/01/19,A17F110149,16/11/17,"0,74","0,4","29,6",RP1,N
MTN,25/01/19,A17F109950,16/11/17,"2,06","1,2","0,6",AP,
MTO,25/01/19,A12F179514,27/07/12,"0,84",1,26,RP1,N
MTO,25/01/19,A18N220078,24/07/18,"1,14","1,6",3,AP,
BME,25/01/19,A07F306610,27/02/08,"5,4",8,31,RP3,P
BME,25/01/19,A99S427299,09/07/07,"28,96",33,"30,4",RP3,P
BME,25/01/19,A06F385210,30/10/06,"0,9",1,42,RP1,N
MTN,26/01/19,A18N020802,11/04/18,"1,04","0,6","1,4",AP,
MTN,26/01/19,A17N316208,15/02/18,"1,16","0,2","6,4",AP,
MTN,26/01/19,A04L327710,15/10/09,"0,12","1,2",1,AP,
MTN,26/01/19,A07F269052,18/07/11,"1,98","0,2",1,AP,
MTN,26/01/19,A18N289585,27/11/18,"0,52","0,6","1,2",AP,
MTN,26/01/19,A18N317080,31/10/18,"0,2",1,"4,8",AP,
MTN,26/01/19,A18N316788,26/11/18,"0,9","1,4","1,2",AP,
MTN,26/01/19,A09F036038,31/10/11,"0,76","1,4",100,RP1,N
MTS,26/01/19,A18N225937,03/10/18,"0,5","0,2","1,8",AP,
MTS,26/01/19,A17N309136,02/04/18,"7,96","4,6","4,8",RP1,P
MTS,26/01/19,A15F041626,13/02/15,"2,08",1,"17,4",RP1,N
MTO,28/01/19,A13F237188,13/01/14,"2,14","0,6",26,RP1,N
MTO,28/01/19,A18N092589,08/06/18,"0,12",1,0,AP,
MTO,28/01/19,A16F059208,05/07/16,"0,8","0,6",20,RP1,N
MTO,28/01/19,A09F216444,11/04/18,"0,8","1,4",2,AP,
MTN,28/01/19,A11F182528,20/03/12,,,,RP1,N
MTN,28/01/19,A04S015578,10/02/09,"0,16",1,"0,4",AP,
MTN,28/01/19,A14F308217,20/02/16,"1,24","0,4",46,RP1,N
MTN,28/01/19,A06F404103,14/12/16,"0,4",0,14,RP1,N
MTN,28/01/19,A15F163457,16/12/15,"0,26",1,"23,4",RP1,N
MTN,28/01/19,A18N318314,31/10/18,"1,6",1,"3,6",AP,
MTN,28/01/19,A09F122068,10/02/16,"0,74","4,6",4,AP,
MTN,28/01/19,A18N183437,03/08/18,1,5,4,AP,
BME,28/01/19,A13F151431,11/12/13,,,,RP1,N
,29/01/19,A17F031456,,"1,04","0,6","2,8",AP,
,29/01/19,A18N318386,,"0,7","0,4",1,AP,
,29/01/19,A07F254967,,"6,54",5,11,RP2,N
,29/01/19,A18N290053,,"0,9","0,4","1,6",AP,
,29/01/19,A06S708486,,"1,84","2,4","4,2",AP,
,29/01/19,A10F182203,,"2,74",4,26,RP1,N
,29/01/19,A08F237978,,"0,36",0,"1,4",AP,
,29/01/19,A07F251562,,"1,6","1,4",18,RP1,N
,29/01/19,A06F316515,,"0,66","2,4","22,6",RP1,N
,29/01/19,A10F117122,,"0,24",1,2,AP,
,29/01/19,A16F133595,,0,"1,6",4,AP,
,29/01/19,A18N092362,,"0,54","0,8","2,8",AP,
,30/01/19,A10F247154,,"0,06","1,4","15,6",RP1,N
,30/01/19,A12F344981,,"0,44","2,8","45,6",RP1,N
,30/01/19,A10F123260,,1,1,7,AP,
,30/01/19,A14F405413,,"0,3",1,37,RP1,N
,30/01/19,A05F094048,,"4,04","6,6",100,RP2,N
,30/01/19,A12F095024,,"1,32","0,4",25,RP1,N
,30/01/19,A16F124792,,"1,6",1,32,RP1,N
,30/01/19,A16F276716,,"0,46",0,5,AP,
,30/01/19,A08F482595,,"0,9",3,95,RP1,N
,30/01/19,A18N023502,,"0,1",1,2,AP,
,30/01/19,A13F269882,,"0,12",2,100,RP1,N
,30/01/19,A18N228389,,"0,84",1,3,AP,
,30/01/19,A14F292962,,"0,46",1,17,RP1,N
,30/01/19,A14F396698,,"1,3","0,4","3,4",AP,
,30/01/19,A14F400274,,"0,14","0,4","9,6",AP,
,30/01/19,A17N305075,,"0,26","1,6","18,4",RP1,N
,30/01/19,A04L589742,,"1,3",2,12,RP1,N
,30/01/19,A06F385520,,"1,4","1,6","77,4",RP1,N
,31/01/19,A04S351068,,"1,6",0,2,AP,
,31/01/19,A08F067220,,"1,86",3,100,RP1,N
,31/01/19,A01S548604,,"0,78","0,2","2,2",AP,
,31/01/19,A04L542349,,"0,46","2,4",2,AP,
,31/01/19,A11F036075,,"0,2",5,100,RP1,N
,31/01/19,A14F298804,,"0,06","1,6",2,AP,
,31/01/19,A09F097462,,"1,8",0,3,AP,
,31/01/19,A11F002861,,"1,76","2,6","99,4",RP1,N
,31/01/19,A11F229018,,"0,32","1,4",11,RP1,N
,31/01/19,A11F289084,,"0,8",1,10,AP,
,31/01/19,A13F237797,,"0,44","0,4","12,6",RP1,N
,31/01/19,A15F076988,,"1,14",0,"13,4",RP1,N
,31/01/19,A17N286967,,"0,4","0,6","1,4",AP,
,31/01/19,A15F164003,,"2,4","1,4",43,RP1,N
,31/01/19,A06F446870,,"0,76",1,"32,6",RP1,N
,31/01/19,A18N053174,,"0,66","0,4",0,AP,
,31/01/19,A93A050751,,100,100,100,RP3,N
,31/01/19,A18N286856,,"1,7",0,"1,4",AP,
,31/01/19,A10F013157,,"0,26",3,100,RP1,N
,31/01/19,A09F317684,,"1,84","0,4",9,AP,
,31/01/19,A18N210566,,"0,72","0,4",4,AP,
,31/01/19,A16F122192,,"2,74","1,4","0,4",AP,
,31/01/19,A10F086194,,,,,RP1,N
MTL,01/02/19,D14L005022,11/11/17,3,"4,6",1,AP,
,01/02/19,A18N103863,14/04/18,"0,5",0,0,AP,
,01/02/19,A18N445304,24/01/19,"0,38","0,2",2,AP,
,01/02/19,A15F246951,20/10/15,"0,2","0,6",33,RP1,N
,01/02/19,A10F038034,01/05/10,"0,48","0,6",11,RP1,N
,01/02/19,A08F351256,07/10/08,"12,04","12,6",97,RP3,N
,01/02/19,A09F036412,16/04/18,100,100,100,RP3,N
,01/02/19,A17N302050,16/02/18,"0,36","0,6","0,6",AP,
,01/02/19,A04L506352,12/02/09,"0,7",11,20,RP2,N
,01/02/19,A07F300095,23/01/12,"1,96",3,26,RP1,N
,01/02/19,A15F158991,24/06/15,0,"2,6","99,4",RP1,N
,01/02/19,A17F108987,27/12/17,"0,64",1,"1,2",AP,
,01/02/19,A15F109495,06/05/15,1,0,97,RP1,N
,01/02/19,A06F363843,09/10/14,"2,16","4,4","99,6",RP1,N
,01/02/19,A18N179825,29/08/18,"1,4","0,4","1,4",AP,
,01/02/19,A18N208134,26/12/18,"0,56","0,6","1,2",AP,
,02/02/19,A03S070280,21/03/11,"0,34",0,15,RP1,N
,02/02/19,A17N284605,17/02/18,"0,86",1,2,AP,
,02/02/19,A06S470358,12/09/14,"1,26",0,"1,4",AP,
,02/02/19,A17N283132,20/02/18,"0,2","0,4","1,6",AP,
,02/02/19,A18N139066,29/06/18,"0,5",1,0,AP,
,02/02/19,A17F027540,30/05/17,"0,84","1,4",3,AP,
,02/02/19,A15F242227,18/08/15,"0,04","0,6","18,6",RP1,N
,02/02/19,A06S807096,27/05/14,"1,76",0,"6,4",AP,
,02/02/19,A13F272998,22/01/14,"0,44","0,8","34,6",RP1,N
,02/02/19,A04S258674,30/07/13,"3,54","1,4","4,6",AP,
,02/02/19,A18N292811,29/12/18,"1,1",1,2,AP,
,02/02/19,A17F069773,27/07/17,"0,96",1,3,AP,
,02/02/19,A16F126145,01/07/16,"1,9","0,6",3,AP,
,02/02/19,A09F276211,05/04/18,"1,66",0,2,AP,
,02/02/19,A18N194082,03/08/18,"0,8","0,4",5,AP,
,02/02/19,A18N385978,26/11/18,"0,7",0,0,AP,
,02/02/19,A10F224892,12/06/14,"0,4","1,4","8,6",AP,
,02/02/19,A08F356037,28/03/16,"0,54","0,4",42,RP1,N
,02/02/19,A10F550584,01/08/11,,,,RP1,N
,02/02/19,A18N175858,28/11/18,"0,48",1,6,AP,
,02/02/19,A12F177723,18/10/14,"0,06","0,4",12,RP1,N
,02/02/19,A18N181684,28/08/18,"1,86","2,8","5,2",AP,
,02/02/19,A18N287964,14/11/18,1,1,"3,4",AP,
,02/02/19,A08F231714,22/10/16,"2,54",1,1,AP,
,02/02/19,A15F019399,20/02/15,"2,24",2,29,RP1,N
,02/02/19,A17F072609,30/10/17,"0,66",1,1,AP,
,04/02/19,E08S003666,13/01/13,,,,RP1,N
,04/02/19,A18N322782,20/10/18,"0,46",0,2,AP,
,04/02/19,A07S617523,18/01/08,"0,04","0,4",3,AP,
,04/02/19,A10F176905,16/08/10,"0,06","2,4","17,6",RP1,N
,04/02/19,A15S127096,11/09/18,"0,5",0,"1,6",AP,
,04/02/19,A14F284141,19/08/14,"1,9",4,"99,4",RP1,N
,04/02/19,A15F245152,03/11/15,"0,24","0,4","42,8",RP1,N
,04/02/19,A04S405635,18/09/14,"0,64",1,"0,6",AP,
,04/02/19,A06F278848,30/09/14,"0,76",1,"8,4",AP,
,05/02/19,A10F085817,28/05/10,"7,66","5,4","28,6",RP3,N
,05/02/19,A08F356038,04/10/08,5,5,"99,6",RP1,N
,05/02/19,A08F496782,03/02/09,"1,5",0,15,RP1,N
,05/02/19,A11N245801,07/10/11,"8,1","0,5",1,RP1,P
,05/02/19,A09F215203,26/06/17,"1,04","1,4","4,6",AP,
,05/02/19,A18N143243,17/09/18,"0,38","0,2","0,6",AP,
,05/02/19,A18N185942,29/11/18,"0,56","0,4","0,4",AP,
,05/02/19,A17N285804,25/01/18,"0,48",2,"5,6",AP,
,05/02/19,A11N322101,14/11/11,"1,1",0,"4,5",AP,
,05/02/19,A11F183418,23/12/11,"0,34","5,6",100,RP2,N
,05/02/19,A15F043530,13/03/15,"1,74","1,4",78,RP1,N
,05/02/19,A18N056551,20/04/18,"0,5","1,4","3,2",AP,
,05/02/19,A10F045631,25/02/10,"0,5","0,2","14,6",RP1,N
,05/02/19,A06F410956,13/02/09,"0,3",1,0,AP,
,05/02/19,A18N193212,06/08/18,"0,84","0,4","0,6",AP,
,05/02/19,A17N285985,02/02/18,"0,1",0,1,AP,
,05/02/19,A18N186259,28/11/18,"0,2",0,1,AP,
,05/02/19,A07S041663,30/11/16,"0,3",1,"2,6",AP,
,05/02/19,A18N053930,11/06/18,"0,16",0,"0,6",AP,
,05/02/19,A14F410731,12/05/15,"1,14",6,100,RP2,N
,06/02/19,A11N241926,,"1,1","0,5","0,5",AP,
,06/02/19,A99S509971,,"2,7","2,6",27,RP1,N
,06/02/19,A18N191236,,"0,2",0,"0,4",AP,
,06/02/19,A14F244885,,"1,46","0,6",13,RP1,N
,06/02/19,A16F145401,,"0,82",3,"2,8",AP,
,06/02/19,A12F354689,,"2,3","0,4",4,AP,
,06/02/19,A08F423721,,3,3,100,RP1,N
,06/02/19,A17F068593,,"1,06","3,4",38,RP1,N
,06/02/19,A15F137771,,"1,54",2,2,AP,
,06/02/19,A12F141895,,"1,54",1,17,RP1,N
,06/02/19,A08F462222,,2,"0,6","20,4",RP1,N
,06/02/19,A11F313703,,"0,14","1,4",9,AP,
,07/02/19,A15F024919,,"2,3","0,4","1,2",AP,
,07/02/19,A09F225103,,"0,86",1,"15,6",RP1,N
,07/02/19,A17N286201,,"0,58","1,4","3,4",AP,
,07/02/19,A06F364752,,"1,2",0,"13,6",RP1,N
,07/02/19,A07S133148,,"0,5",1,2,AP,
,07/02/19,A12F034636,,"1,14","0,6",3,AP,
,07/02/19,A18N142077,,1,0,"1,4",AP,
,07/02/19,A12F351834,,"0,8","2,6","39,4",RP1,N
,07/02/19,A13F265539,,"2,84",3,"15,4",RP1,N
,07/02/19,A18N321511,,"0,5","0,6","1,4",AP,
,07/02/19,A09F098991,,"0,66",1,"55,4",RP1,N
,07/02/19,A14F006770,,"0,24",0,18,RP1,N
,07/02/19,A09F171869,,"0,62","1,2",8,AP,
,07/02/19,A18N381464,,"0,24","0,2",0,AP,
,07/02/19,A18N292903,,"0,5",0,"9,4",AP,
,07/02/19,A07F274419,,"1,54","0,4","0,4",AP,
,08/02/19,A18N144676,,"1,6","0,6","3,4",AP,
,08/02/19,A12F348291,,"0,66","0,6","39,4",RP1,N
,08/02/19,A15S165467,,"0,7",2,2,AP,
,08/02/19,A07S141152,,"1,1","8,4","24,6",RP2,N
,08/02/19,A18N193385,,"0,4","1,4","0,8",AP,
,08/02/19,A12F222801,,"1,54","0,6","2,6",AP,
,08/02/19,A13F237319,,"1,48","2,6",30,RP1,N
,08/02/19,A11F185815,,"1,2",0,30,RP1,N
,08/02/19,A18N228464,,"1,2",1,3,AP,
,08/02/19,A10F560003,,"2,2",1,"13,4",RP1,N
,08/02/19,A12F144398,,"0,1",0,18,RP1,N
,08/02/19,A13F241396,,"2,86","0,6",7,AP,
,08/02/19,A07S048816,,"0,26",4,15,RP1,N
,08/02/19,A09F268941,,"1,8","2,4",9,AP,
,08/02/19,A98L719254,,"3,5","3,4","13,6",RP1,N
,08/02/19,A15F172459,,"1,44","1,8","58,6",RP1,N
,08/02/19,A14F249263,,"0,98","2,6",99,RP1,N
,08/02/19,A17F100493,,,,,RP1,N
,08/02/19,A15F155656,,"1,3",3,"13,4",RP1,N
,08/02/19,A07F275990,,"2,86","1,4",97,RP1,N
,08/02/19,A07F265259,,"3,1",2,97,RP1,N
,08/02/19,A18N037144,,"0,26","0,4","0,4",AP,
,09/02/19,A09F177169,,"0,94",2,"27,6",RP1,N
,09/02/19,A04S403536,,"2,06","0,8",12,RP1,N
,09/02/19,A13F262421,,"2,64","2,6","10,4",RP1,N
,09/02/19,A18N209494,,"0,34","0,8","0,4",AP,
,09/02/19,A10F254718,,"0,8",3,29,RP1,N
,09/02/19,A07S042595,,"0,9",8,27,RP2,N
,09/02/19,A08F499159,,"0,46",2,25,RP1,N
,09/02/19,A16F274426,,"0,06",1,"15,4",RP1,N
,09/02/19,A15F078752,,"0,54","1,6",4,AP,
,09/02/19,A12F236902,,"0,12","2,2","19,4",RP1,N
,09/02/19,A18N322230,,"0,1",1,1,AP,
,09/02/19,A10F548826,,"0,56","0,8","3,2",AP,
,09/02/19,A08S700649,,"2,7","1,6","5,4",AP,
,09/02/19,A17F070827,,"0,02","0,4",29,RP1,N
,09/02/19,A18N211662,,"0,2","0,6","4,6",AP,
,09/02/19,A10F038763,,"0,26","0,6","8,4",AP,
,09/02/19,A18N188276,,"1,44","0,2","2,2",AP,
,09/02/19,A17F062178,,"1,4",1,3,AP,
,09/02/19,A18F025585,,0,"0,4",9,AP,
,09/02/19,A09F252355,,"0,74",2,14,RP1,N
,09/02/19,A07S089221,,"1,8",1,5,AP,
,09/02/19,A08F230417,,"0,84","0,4","0,2",AP,
,09/02/19,A13F199082,,"2,84","0,6","18,4",RP1,N
,09/02/19,A16F123550,,"2,3","0,4","0,6",AP,
,09/02/19,A08F357477,,"1,3","1,4","1,6",AP,
,11/02/19,A18N089078,,"0,54",1,"0,8",AP,
,11/02/19,A09F279344,,"0,3",2,8,AP,
,11/02/19,A18N209869,,"0,24","1,2","0,8",AP,
,11/02/19,A14F076207,,"0,26",3,20,RP1,N
,11/02/19,A18N138486,,"0,3",1,"0,4",AP,
,11/02/19,A06S704029,,,,,RP1,N
,11/02/19,A11F310886,,"0,3",0,4,AP,
,11/02/19,A18N288353,,"0,2",2,"0,4",AP,
,11/02/19,A07S274406,,"1,14","1,6",10,AP,
,11/02/19,A17F056323,,"1,5","3,4",2,AP,
,11/02/19,A09F281829,,"1,3",4,100,RP1,N
,11/02/19,A15F167255,,2,"3,6","99,4",RP1,N
,11/02/19,A08F348521,,"1,54",3,"8,4",AP,
,11/02/19,A09F206597,,"0,1","0,4",38,RP1,N
,11/02/19,A17F007879,,0,0,17,RP1,N
,11/02/19,A10F482256,,,,,RP1,N
,11/02/19,A12F185354,,"16,66","22,4","28,4",RP3,P
,11/02/19,A12F148611,,"8,1",10,15,RP3,P
,11/02/19,A02S672689,,"14,06","11,4","3,6",RP2,P
,11/02/19,A11F237079,,"1,8",1,"99,6",RP1,N
,11/02/19,A10F047951,,"1,54","3,4",100,RP1,N
,12/02/19,A11F223494,,"0,2",0,"18,4",RP1,N
,12/02/19,A12F139632,,"1,7","4,6","93,8",RP1,N
,12/02/19,A16F277759,,"0,1","0,6",7,AP,
,12/02/19,A16F253627,,"1,08","1,6","49,4",RP1,N
,12/02/19,A16F053485,,"1,46",0,"10,6",RP1,N
,12/02/19,A18F322433,,"0,6","0,6",0,AP,
,12/02/19,A14F414558,,"0,1",2,"99,4",RP1,N
,12/02/19,A18N138172,,1,"1,4","2,6",AP,
,12/02/19,A10F258837,,,,,RP1,N
,12/02/19,A03S449001,,"3,4",6,"81,6",RP2,N
,12/02/19,A08F354174,,"0,8","0,4",28,RP1,N
,12/02/19,A08F285953,,"1,34","4,6",100,RP1,N
,12/02/19,A12F286944,,"3,18","1,6","40,6",RP1,N
,12/02/19,A15F076945,,"1,48",0,"21,2",RP1,N
,12/02/19,A12F347449,,"0,7",1,"3,6",AP,
,12/02/19,A13F219817,,"2,14",1,19,RP1,N
,13/02/19,A14F000460,,"0,1","2,8","39,2",RP1,N
,13/02/19,A11N314067,,"0,95",3,36,RP1,N
,13/02/19,A09F282754,,"3,4",3,"28,2",RP1,N
,13/02/19,A13F265955,,"1,2","0,6","5,4",AP,
,13/02/19,A18N307805,,"1,26","1,4","3,2",AP,
,13/02/19,A17F060597,,"0,7",0,"1,6",AP,
,13/02/19,A14F376608,,"1,4",4,98,RP1,N
,13/02/19,A14F002696,,"1,3","3,6",100,RP1,N
,13/02/19,A06F269102,,"0,9","0,4",2,AP,
,13/02/19,A10F176275,,"0,66","0,2",8,AP,
,13/02/19,A04S014239,,"1,68","1,2","6,4",AP,
,13/02/19,A06F390259,,"1,7","1,6","22,4",RP1,N
,13/02/19,A08F484304,,"4,84","4,6",62,RP1,N
,13/02/19,A07S358756,,"2,5","3,6","16,4",RP1,N
,13/02/19,A16F148734,,"1,06","0,6","0,6",AP,
,13/02/19,A14F119734,,"2,26",2,"12,4",RP1,N
,13/02/19,A09F208641,,"0,56",2,17,RP1,N
,13/02/19,A09F319033,,"0,5","0,4","19,6",RP1,N
,13/02/19,A12F285546,,"1,92",2,"26,4",RP1,N
,13/02/19,A06F311564,,"0,66","0,6","25,6",RP1,N
,13/02/19,A08F228527,,"0,24",0,8,AP,
,13/02/19,A08F297128,,"3,3","3,4","68,6",RP1,N
,13/02/19,A05F322950,,2,"3,4",34,RP1,N
,13/02/19,A09F058540,,"0,4",1,"2,4",AP,
,14/02/19,A07F276181,,"0,1","0,4","11,4",RP1,N
,14/02/19,A10F177389,,"1,6","2,6",15,RP1,N
,14/02/19,A06S798814,,"0,1",1,"1,6",AP,
,14/02/19,A04S322306,,"0,52","0,6",2,AP,
,14/02/19,A01S067990,,"0,52",1,1,AP,
,14/02/19,A12F346567,,"0,44",0,"11,4",RP1,N
,14/02/19,A06F342137,,"0,26",0,11,RP1,N
,14/02/19,A17N300511,,"2,1",1,9,AP,
,14/02/19,A17F068653,,"1,74","0,6","3,6",AP,
,14/02/19,A07F241989,,"0,34","2,4","3,4",AP,
,14/02/19,A14F201678,,"0,2",0,6,AP,
,14/02/19,A08F272121,,"1,2","0,6","30,4",RP1,N
,14/02/19,A09F052784,,"1,2",3,"94,4",RP1,N
,14/02/19,A18N019105,,"1,1",0,0,AP,
,14/02/19,A12F233712,,"0,08","1,6",17,RP1,N
,14/02/19,A18N190471,,"0,7","0,6","6,8",AP,
,14/02/19,A09F040296,,"1,2","1,4","4,4",AP,
,14/02/19,A17N300985,,"0,7","0,4","2,6",AP,
,14/02/19,A18N175446,,"1,4","1,4","0,4",AP,
,14/02/19,A06S747197,,"1,06","0,4","27,6",RP1,N
,14/02/19,A15F107382,,"1,96","0,2","1,4",AP,
,14/02/19,A18N210514,,"0,84","0,6","0,6",AP,
,14/02/19,A11F232483,,"0,1",1,31,RP1,N
,15/02/19,A06F431243,,"2,7",1,23,RP1,N
,15/02/19,A18N187432,,"1,5",1,4,AP,
,15/02/19,A17F110781,,"0,74",0,"0,4",AP,
,15/02/19,A14F412860,,"0,1",1,"6,6",AP,
,15/02/19,A06F288409,,"1,5","0,6","5,4",AP,
,15/02/19,A12F346017,,"1,22","1,4",1,AP,
,15/02/19,A14F395709,,"1,64",0,9,AP,
,15/02/19,A18N021694,,"0,9",1,"0,4",AP,
,15/02/19,A09F162072,,"3,3",2,9,AP,
,15/02/19,A17N281464,,"0,14","0,6","6,4",AP,
,15/02/19,A18N187257,,"0,1",1,"6,6",AP,
,15/02/19,A98L622424,,"4,46","2,4","24,6",RP1,N
,15/02/19,A04S015466,,"1,3",1,"2,6",AP,
,15/02/19,A08F361600,,"2,7","5,6","99,6",RP2,N
,15/02/19,A14F239891,,1,1,"12,6",RP1,N
,15/02/19,A10F061069,,"2,18","3,2","44,4",RP1,N
,15/02/19,A03S160061,,"3,84",6,99,RP2,N
,15/02/19,A13F231897,,"1,6","1,6",19,RP1,N
,15/02/19,A05F105616,,"0,44","17,4",100,RP2,N
,15/02/19,A10F040161,,"1,1","3,6","66,4",RP1,N
,16/02/19,A09F323418,,"0,7",1,5,AP,
,16/02/19,A14F026307,,"1,58","1,6",100,RP1,N
,16/02/19,A17F022349,,"8,34",11,11,RP3,P
,16/02/19,A17F001600,,"1,5","0,4",2,AP,
,16/02/19,A10F222293,,,,,RP1,N
,16/02/19,A16F108363,,"1,14","0,2",32,RP1,N
,16/02/19,A18N089033,,"0,34","0,8","3,6",AP,
,16/02/19,A14F452553,,"1,56",1,24,RP1,N
,16/02/19,A14F283776,,"3,74","1,2","5,4",AP,
,16/02/19,A17F071156,,"0,96","0,6","14,4",RP1,N
,16/02/19,A01S006975,,"0,7",5,28,RP1,N
,16/02/19,A12F151488,,"0,16","1,6",2,AP,
,16/02/19,A09F305652,,"2,1",0,9,AP,
,16/02/19,A18N141500,,"0,5",2,0,AP,
,16/02/19,A04S042796,,"1,22","0,6","13,6",RP1,N
,16/02/19,A04N463691,,"2,4",1,16,RP1,N
,16/02/19,A16F153992,,"1,2","1,4",4,AP,
,16/02/19,A18N197342,,"0,18","0,2","1,2",AP,
,16/02/19,A09F249106,,"1,2","0,4","3,6",AP,
,16/02/19,A09F261555,,"0,26",1,5,AP,
,16/02/19,A15F074931,,"2,7","0,6",4,AP,
,16/02/19,A18N321396,,"0,5",0,3,AP,
,16/02/19,A08F061419,,"2,16","2,4","18,6",RP1,N
,18/02/19,A17F003155,,"3,86","5,8",7,RP1,P
,18/02/19,A15L095306,,"0,46",1,"1,4",AP,
,18/02/19,A14F080232,,"1,36",0,16,RP1,N
,18/02/19,A18N142502,,"0,36",0,"0,4",AP,
,18/02/19,A18N142616,,"0,54","0,4",0,AP,
,18/02/19,A11N319488,,"0,25","1,5",1,AP,
,18/02/19,A16F058896,,"2,6",0,"18,6",RP1,N
,18/02/19,A18N187828,,"0,66",1,5,AP,
,18/02/19,A04S219324,,"1,92",7,32,RP2,N
,18/02/19,A11F184121,,3,"3,2","43,6",RP1,N
,18/02/19,A09F310250,,"0,44","0,2",13,RP1,N
,18/02/19,A16N286195,,"0,8","0,4",0,AP,
,18/02/19,A15F133596,,"0,34","0,4",33,RP1,N
,18/02/19,A18N180371,,"0,96",0,3,AP,
,18/02/19,A13F261538,,"1,9","1,4",25,RP1,N
,18/02/19,A14F074145,,"1,96","4,4",100,RP1,N
,18/02/19,A18N308183,,1,"0,6",5,AP,
,18/02/19,A10F161387,,,,,RP1,N
,18/02/19,A08F370115,,"0,6","1,6","14,4",RP1,N
,18/02/19,A11F286469,,"1,64",2,27,RP1,N
,18/02/19,A14F405530,,"1,1",1,"1,6",AP,
,18/02/19,A18N052013,,"0,64","0,2","2,8",AP,
,18/02/19,A18N319197,,"0,74","0,4","1,6",AP,
,19/02/19,A10F482966,,"0,74","1,6","2,4",AP,
,19/02/19,A17N281454,,"1,3","1,6","0,4",AP,
,19/02/19,A18N229598,,"1,34","0,4",0,AP,
,19/02/19,A10F001138,,"0,44","2,6",10,AP,
,19/02/19,A08F233845,,"4,5",4,"14,6",RP1,N
,19/02/19,A11F292888,,"0,52","1,4","30,4",RP1,N
,19/02/19,A18N318400,,"0,1","0,6","1,8",AP,
,19/02/19,A08F549968,,"1,36","0,6",0,AP,
,19/02/19,A06F319026,,"0,9","0,6","14,4",RP1,N
,19/02/19,A18N182533,,"1,2",2,"12,4",RP1,N
,19/02/19,A18N380203,,"0,26","0,4",0,AP,
,19/02/19,A16F121718,,"1,68","0,8",6,AP,
,19/02/19,A06S751679,,"1,26",3,"87,4",RP1,N
,19/02/19,A18N190869,,"0,34",1,3,AP,
,19/02/19,A18N192101,,"0,76","0,6",0,AP,
,19/02/19,A17F001954,,"0,8",1,"23,6",RP1,N
,19/02/19,A14F001421,,"1,44",2,20,RP1,N
,19/02/19,A13F265199,,"0,04",0,17,RP1,N
,20/02/19,A08F226375,,"1,3",0,15,RP1,N
,20/02/19,A13F221401,,"0,6","0,4","22,4",RP1,N
,20/02/19,A04L313313,,"0,7",0,81,RP1,N
,20/02/19,A10F487074,,"2,86",2,"53,6",RP1,N
,20/02/19,A17N282042,,"0,02","1,4",1,AP,
,20/02/19,A18N226100,,"1,54",1,"1,6",AP,
,20/02/19,A15F154771,,,,,RP1,N
,20/02/19,A17N319552,,"0,14",2,3,AP,
,20/02/19,A12F041458,,"0,46","2,4",98,RP1,N
,20/02/19,A17F107047,,1,"1,4","9,4",AP,
,20/02/19,A18N144777,,"0,56",6,"11,4",RP2,N
,20/02/19,A11F036304,,"2,34",2,"19,6",RP1,N
,20/02/19,A11F187878,,"0,4","1,4",25,RP1,N
,20/02/19,A14F376461,,"0,04","1,6","32,4",RP1,N
,20/02/19,A18N207541,,"1,04",1,0,AP,
,20/02/19,A18N233656,,"0,94",0,0,AP,
,20/02/19,A03S585186,,"1,7","4,4","19,6",RP1,N
,20/02/19,A02S689201,,"0,9","2,6","4,4",AP,
,20/02/19,A18N183008,,"0,26","0,6","0,2",AP,
,21/02/19,C13L000349,,,,,RP1,N
,21/02/19,C15L005658,,"1,58","1,8","13,2",RP1,N
,21/02/19,C08S010637,,"0,72","1,8","2,8",AP,
,21/02/19,E08S003927,,,,,RP1,N
,21/02/19,A08F354989,,"7,5","8,6","99,4",RP3,N
,21/02/19,A12F367392,,"0,1",5,9,AP,
,21/02/19,A16F153905,,"1,72","4,85","4,55",AP,
,21/02/19,A09F005446,,"3,66",3,61,RP1,N
,21/02/19,A06F366760,,"2,25",0,15,RP1,N
,21/02/19,A18N193378,,"0,2",0,"1,6",AP,
,21/02/19,A14F289090,,"3,8","3,6",100,RP1,N
,21/02/19,A13F239599,,"3,4","1,6",20,RP1,N
,21/02/19,A06F276255,,"0,95","0,5",11,RP1,N
,21/02/19,A01S600921,,"3,16","7,4","39,2",RP1,N
,21/02/19,A17F016373,,"0,48","0,8","19,4",RP1,N
,21/02/19,A03S026458,,"4,9","1,5","98,5",RP1,N
,21/02/19,A11N253624,,,,,RP1,N
,21/02/19,A09F099007,,"0,74","0,6","6,4",AP,
,21/02/19,A04L540786,,"1,8",2,28,RP1,N
,22/02/19,D12L002415,,"4,6","8,4","3,8",RP1,P
,22/02/19,A18N137056,,"0,18","0,4",3,AP,
,22/02/19,A07F232760,,"0,28","3,6",28,RP1,N
,22/02/19,A18N308025,,1,"0,4",0,AP,
,22/02/19,A14F076501,,"0,4","9,4",100,RP2,N
,22/02/19,A15F070322,,"1,7","0,4","0,6",AP,
,22/02/19,A14F028405,,"2,18","1,6",27,RP1,N
,22/02/19,A10F253924,,"1,16",1,15,RP1,N
,22/02/19,A18N175659,,"0,1","0,2","0,6",AP,
,22/02/19,A16F148316,,"1,4",0,"0,6",AP,
,22/02/19,A12F365525,,"1,66","5,4",100,RP2,N
,22/02/19,A08F060633,,"0,36",0,"3,6",AP,
,22/02/19,A14F001578,,0,"4,4","99,8",RP1,N
,22/02/19,A09F280442,,"1,4","3,6",43,RP1,N
,22/02/19,A06S704361,,2,2,"7,4",AP,
,22/02/19,A04S329388,,"3,54",3,4,AP,
,22/02/19,A11N318693,,"1,4",1,3,AP,
,23/02/19,A18N231671,,"1,92","0,2","0,8",AP,
,23/02/19,A14F075608,,"0,72","0,4",9,AP,
,23/02/19,A15F128125,,"0,6","2,8","95,8",RP1,N
,23/02/19,A14F401353,,"2,04","3,4",93,RP1,N
,23/02/19,A16F277825,,"0,56","0,8",15,RP1,N
,23/02/19,A11F222811,,"1,26","1,2","11,4",RP1,N
,23/02/19,A18N197020,,"1,08","1,6","0,2",AP,
,23/02/19,A06F418931,,"0,46","0,2","0,6",AP,
,23/02/19,A05L144195,,"1,52","0,4","0,4",AP,
,23/02/19,A17N316457,,"5,34","5,2","5,4",RP2,P
,23/02/19,A18N439481,,"0,7","0,6","0,8",AP,
,23/02/19,A18N317557,,"0,06","0,6","1,8",AP,
,23/02/19,A07S303909,,"0,98","0,2",1,AP,
,23/02/19,A14F405384,,"1,3","2,4",55,RP1,N
,23/02/19,A11F286668,,"0,2","0,8",7,AP,
,23/02/19,A06F398892,,"0,24","1,6","2,8",AP,
,23/02/19,A18N091335,,"0,38","1,4","5,2",AP,
,23/02/19,A02S689233,,"1,3","2,4","7,4",AP,
,23/02/19,A04S050559,,"0,64",1,"7,6",AP,
,23/02/19,A18N093125,,"0,52","1,4","2,4",AP,
,23/02/19,A18N022728,,"0,5","0,6",2,AP,
,23/02/19,A09F060667,,"1,9","3,8","90,4",RP1,N
,23/02/19,A06F399093,,"0,68","0,2","54,8",RP1,N
,23/02/19,A12F235949,,"0,68",1,"2,2",AP,
,23/02/19,A14F006864,,"0,66","0,2","10,4",AP,
,23/02/19,A13F147885,,"2,8",12,"12,4",RP2,N
,23/02/19,A18N380298,,"0,56","0,8",1,AP,
,23/02/19,A17N304113,,"0,3","0,8","4,6",AP,
,23/02/19,A09F204669,,"1,46","0,2","21,8",RP1,N
,23/02/19,A06F303688,,"2,62","2,2","24,6",RP1,N
,23/02/19,A14F396189,,"0,32",1,2,AP,
,23/02/19,A13F220414,,,,,RP1,N
,23/02/19,A02S689535,,"1,4","0,6","0,2",AP,
,25/02/19,D12L002960,,"3,3","3,4","2,4",AP,
,25/02/19,A18N180243,,"0,4","0,8","0,6",AP,
,25/02/19,A12F350742,,"0,86",1,7,AP,
,25/02/19,A09F174550,,5,"2,4","10,6",RP1,N
,25/02/19,A14F402541,,"2,2",3,99,RP1,N
,25/02/19,A18N287399,,"1,36","0,4",2,AP,
,25/02/19,A06F361656,,"0,66","0,6",1,AP,
,25/02/19,A13F199519,,"1,46","0,4",4,AP,
,25/02/19,A07F207310,,"2,96","0,6",3,AP,
,25/02/19,A09F031565,,"1,5","0,6",17,RP1,N
,25/02/19,A07F335083,,"4,06",0,"9,4",AP,
,25/02/19,A18N174996,,"0,56",0,0,AP,
,25/02/19,A07S045705,,"0,56","0,4","4,8",AP,
,25/02/19,A18N224170,,"0,4","1,4",0,AP,
,25/02/19,A17F005643,,"1,8","0,6",1,AP,
,25/02/19,A15F020178,,"0,4","2,4","7,8",AP,
,26/02/19,A18N137213,,"0,42","1,2","3,4",AP,
,26/02/19,A12F237864,,"0,3","0,6","8,2",AP,
,26/02/19,A18N226103,,"0,5","0,8","0,4",AP,
,26/02/19,A14F244283,,"0,56","0,6","19,4",RP1,N
,26/02/19,A16F240629,,"0,8",4,100,RP1,N
,26/02/19,A18N191335,,"0,1",0,0,AP,
,26/02/19,A13F222951,,"0,24",0,"9,6",AP,
,26/02/19,A16F124775,,"1,64","0,4","0,6",AP,
,26/02/19,A12F238740,,"0,86","0,6",5,AP,
,26/02/19,A12F296030,,1,0,"13,4",RP1,N
,26/02/19,A17F027587,,"0,78","0,8",1,AP,
,26/02/19,A15F245673,,1,"3,6","99,8",RP1,N
,26/02/19,A17F112195,,"0,2","2,6",4,AP,
,26/02/19,A12F332010,,"0,84",1,44,RP1,N
,26/02/19,A18N209274,,"1,24",1,0,AP,
,27/02/19,A08F420508,,"2,22","6,8","99,2",RP2,N
,27/02/19,A04S403265,,"0,64","0,6","17,4",RP1,N
,27/02/19,A07F300221,,"2,2",1,"4,4",AP,
,27/02/19,A17F070311,,"0,36",1,0,AP,
,27/02/19,A08F358687,,"4,7",3,40,RP1,N
,27/02/19,A18N054489,,"0,3",1,3,AP,
,27/02/19,A06F319168,,"1,6","0,4","3,4",AP,
,27/02/19,A06F318379,,"1,36",0,"6,4",AP,
,27/02/19,A08F480485,,"1,1","1,4","46,6",RP1,N
,27/02/19,A10F509233,,"1,04","0,4","2,4",AP,
,27/02/19,A06F373458,,"0,5",0,"10,4",RP1,N
,27/02/19,A08F059225,,"1,36","1,8","12,6",RP1,N
,28/02/19,C15L005998,,"1,38","3,4","8,8",AP,
,28/02/19,D04L001365,,"0,42","1,2","0,6",AP,
,28/02/19,E15L004002,,"2,4",2,"2,5",AP,
,28/02/19,C10S012160,,,,,RP1,N
,28/02/19,C04S003852,,,,,RP1,N
,28/02/19,A10F 259132,,"1,54",1,17,RP1,N
,28/02/19,A18N 377474,,"0,46","0,4",0,AP,
,28/02/19,A13F 267054,,,,,RP1,N
,28/02/19,A07S 209680,,"1,4",1,4,AP,
,28/02/19,A15F 258401,,"0,3","1,6","41,4",RP1,N
,28/02/19,A09F 057536,,"6,22","6,8",47,RP3,N
,28/02/19,A10F 217564,,"0,36","2,6",30,RP1,N
,28/02/19,A09F 166434,,"0,26",2,9,AP,
,28/02/19,A01S 547831,,"2,44","7,2","34,6",RP2,N
,28/02/19,A10F 056531,,"0,94",3,"99,6",RP1,N
MTN,27/05/19,A07F294634,27/03/17,"1,8","0,4","9,2",AP,
MTN,27/05/19,A09F205604,25/03/18,"1,38",0,7,AP,
MTN,27/05/19,A12F360741,09/09/13,"0,68",0,11,RP1,N
MTN,27/05/19,A05L074974,09/05/13,1,1,0,AP,
MTN,27/05/19,A17N302261,31/03/18,"0,26","0,4","1,2",AP,
MTN,27/05/19,A18N380307,28/12/18,"0,24","0,6","2,6",AP,
BME,27/05/19,A17F016366,25/08/17,"0,96","2,6","16,4",RP1,N
BME,27/05/19,A09F243079,23/01/10,"2,62","0,6",3,AP,
MTS,27/05/19,A00N322175,15/07/09,"1,1",24,"26,5",RP2,N
MTS,27/05/19,A14F085670,26/05/14,"2,92","1,6","13,8",RP1,N
MTS,27/05/19,A18N323014,04/12/18,"1,16","1,8","3,6",AP,
MTS,27/05/19,A15F167683,03/08/15,"1,38","3,4","29,4",RP1,N
MTS,27/05/19,A15F078635,13/04/15,"1,06","3,2","99,6",RP1,N
MTO,27/05/19,A18N186641,06/12/18,"0,3","1,2","0,8",AP,
MTO,27/05/19,A15F242345,20/08/15,"0,04","1,4","17,6",RP1,N
MTO,27/05/19,A08F348326,06/07/11,"2,24","2,8","16,8",RP1,N
MTO,27/05/19,A18N213300,03/08/18,"0,22","1,2","0,2",AP,
MTO,27/05/19,A18N291818,11/12/18,"0,94","0,8","1,6",AP,
MTO,27/05/19,A18N214251,21/09/18,"0,06","0,2",1,AP,
MTO,27/05/19,A06S752677,20/08/13,"0,92","0,6","1,2",AP,
MTO,27/05/19,A18N188223,04/12/18,"1,14",0,3,AP,
MTO,28/05/19,D12L002909,12/11/15,"3,54","4,2","1,4",AP,
MTO,28/05/19,A15F164843,06/07/15,"1,82","6,2","99,2",RP1,N
MTN,28/05/19,A09F009719,26/12/17,"1,78",1,4,AP,
MTO,28/05/19,A17F027825,22/05/17,"1,22","2,4","5,8",AP,
MTO,28/05/19,A03S020770,02/02/11,"2,14","2,4","4,2",AP,
MTO,28/05/19,A19N057299,28/03/19,"0,12","0,4","1,6",AP,
MTO,28/05/19,A19N057468,26/03/19,"0,04","1,2","0,8",AP,
MTO,28/05/19,A17N285727,29/01/18,"0,64","0,2","0,8",AP,
MTO,28/05/19,A14F007569,29/04/14,"4,86","2,8",17,RP1,N
MTL,28/05/19,A18F107776,20/01/19,"2,04","1,6","0,4",AP,
BME,28/05/19,A00S631536,22/07/09,"6,3","11,6",37,RP3,N
BME,28/05/19,A05F092778,09/09/05,"1,9",3,46,RP1,N
MTS,28/05/19,A14F120857,13/06/14,"1,38","1,2",4,AP,
MTS,28/05/19,A14F289984,03/10/14,"0,64","1,6","10,4",RP1,N
MTS,28/05/19,A18N192047,22/08/18,"0,36","0,2","2,8",AP,
MTS,28/05/19,A18N192442,18/09/18,"0,44","0,2","7,6",AP,
MTS,28/05/19,A18N107522,19/04/18,"1,34","0,4",5,AP,
MTS,28/05/19,A08F450680,18/06/18,"1,12","2,2","30,2",RP1,N
MTS,28/05/19,A12F296276,20/05/14,"0,88","0,4","14,2",RP1,N
MTS,28/05/19,A11F236005,11/12/14,"2,1","1,2","22,8",RP1,N
MTS,28/05/19,A02S201637,29/10/10,"4,22","5,4","12,4",RP2,N
MTO,28/05/19,A10F000170,18/01/10,"2,08","0,2",19,RP1,N
MTO,28/05/19,A06F298654,23/05/16,"0,86","0,2","18,6",RP1,N
MTO,28/05/19,A09F250228,19/11/09,,,,RP1,N
MTO,28/05/19,A12F271944,09/01/13,"0,14","0,6",4,AP,
MTO,28/05/19,A11F326406,03/04/12,,,,RP1,N
MTO,28/05/19,A07F314873,10/03/17,"1,98",0,"4,6",AP,
MTO,28/05/19,A18N382901,22/01/19,"0,16",1,"0,4",AP,
MTO,28/05/19,A09F194774,04/09/09,"6,3","6,8","99,4",RP3,N
MTO,28/05/19,A18N382739,26/12/18,"0,5","0,4","0,2",AP,
MTO,28/05/19,A08F215381,12/06/08,"0,72",1,"11,2",RP1,N
MTO,28/05/19,A18N443135,08/03/19,"0,04","0,2","1,2",AP,
MTO,28/05/19,A06F374406,18/06/13,"2,12","2,2","48,2",RP1,N
MTO,28/05/19,A14F306864,23/09/14,"0,64","10,6","39,4",RP2,N
MTO,28/05/19,A17F003748,19/04/17,,,,RP1,N
MTO,28/05/19,A17F028176,26/05/17,"1,26","0,2","1,2",AP,
MTO,28/05/19,A06F419238,07/08/14,"2,34","2,8","99,8",RP1,N
MTO,28/05/19,A17F028104,19/06/17,"0,38","1,8","18,2",RP1,N
MTO,28/05/19,A18N142758,19/11/18,"0,3",1,"1,2",AP,
MTL,29/05/19,A19N079245,21/03/19,"1,42",1,"0,2",AP,
MTL,29/05/19,A07S044322,19/09/14,"1,58","1,6",99,RP1,N
MTL,29/05/19,A06S745789,18/09/14,"1,6","1,4","19,2",RP1,N
MTL,29/05/19,A19N079441,21/03/19,"0,82","0,4",1,AP,
MTL,29/05/19,A19N078882,21/03/19,"0,1",0,"0,8",AP,
MTL,29/05/19,A10F159823,22/10/14,"2,08",4,"99,4",RP1,N
MTL,29/05/19,A18N018752,16/03/18,"1,04","0,2","0,6",AP,
MTL,29/05/19,A19N061189,21/03/19,"0,04","1,4","1,6",AP,
MTL,29/05/19,A13F291738,25/01/14,"1,76","1,8","27,2",RP1,N
MTL,29/05/19,A18N048362,04/04/18,"0,82",0,3,AP,
MTO,29/05/19,A06F286819,08/12/14,"0,98","0,2","33,6",RP1,N
MTO,29/05/19,A06F327646,13/02/17,"0,86","0,2",24,RP1,N
MTO,29/05/19,A08F287005,24/06/08,"0,7","2,4",4,AP,
MTO,29/05/19,A07S305665,29/08/14,"0,94","0,6",6,AP,
MTO,29/05/19,A14F458749,30/01/15,"0,2","0,4",100,RP1,N
MTO,29/05/19,A09F307372,16/12/09,"1,1","0,4","21,4",RP1,N
MTO,29/05/19,A06S700702,29/04/14,"0,16",1,"1,6",AP,
MTO,29/05/19,A12F035218,28/04/12,"0,3","0,2","21,8",RP1,N
MTS,29/05/19,A19N073685,18/04/19,"0,2",0,0,AP,
MTS,29/05/19,A11N234537,06/08/11,"0,4","0,5","2,5",AP,
MTS,29/05/19,A19N102948,10/05/19,"0,1","0,6","2,4",AP,
MTS,29/05/19,A06F334727,18/07/06,"0,2",0,4,AP,
MTS,29/05/19,A10F252736,05/12/10,"2,06","1,8","11,4",RP1,N
MTO,29/05/19,A04S260977,08/09/14,"1,82",1,"6,6",AP,
MTO,29/05/19,A17F066801,04/08/17,"0,08","0,4","16,8",RP1,N
MTO,29/05/19,A18N443785,30/01/19,"0,22","0,6","1,2",AP,
MTS,29/05/19,A15F079488,29/05/15,2,"2,2","40,6",RP1,N
MTS,29/05/19,A17F064868,11/08/17,"0,64","1,8",22,RP1,N
MTS,29/05/19,A18N384268,22/12/18,"0,48","0,6","0,4",AP,
MTS,29/05/19,A04S318831,27/06/14,"0,26","0,4",4,AP,
MTS,29/05/19,A18N322859,24/10/18,"0,26","0,8","1,6",AP,
BME,29/05/19,A10F083218,30/08/10,"0,22","3,4",98,RP1,N
BME,29/05/19,A08F424072,12/12/18,"0,56","1,6","50,2",RP1,N
BME,29/05/19,A17F013622,22/04/17,"0,4",1,"54,8",RP1,N
BME,29/05/19,A16F131582,19/10/16,"2,46",2,7,AP,
MTL,30/05/19,D10S003460,30/09/17,"3,22","4,44","5,2",AP,
MTL,30/05/19,E15L001305,17/11/15,"0,7",1,5,AP,
MTL,30/05/19,A10F511558,28/10/16,"0,24","0,8","30,6",RP1,N
MTL,30/05/19,A14F201423,03/06/14,"1,12","1,8","35,8",RP1,N
MTN,30/05/19,A18N139382,21/05/18,"0,9",1,"1,2",AP,
BME,30/05/19,A17N311691,23/03/18,"0,26",0,"0,2",AP,
BME,30/05/19,A17F034338,21/09/17,"0,06","0,4","2,2",AP,
BME,30/05/19,A18N196008,12/07/18,"2,38","1,2",3,AP,
BME,30/05/19,A10F218926,12/11/10,"2,14",0,18,RP1,N
BME,30/05/19,A07F208939,13/03/07,"2,34","0,4","7,6",AP,
MTS,30/05/19,A08F286960,15/07/08,"8,56","9,2","56,8",RP1,N
MTS,30/05/19,A18N144729,04/07/18,"0,14","1,4","1,2",AP,
MTS,30/05/19,A18N026752,10/04/18,"0,86",0,"7,6",AP,
MTS,30/05/19,A18N192778,06/07/18,"0,56","0,4",1,AP,
MTS,30/05/19,A18N455838,07/02/19,"1,24","0,8","5,8",AP,
MTS,30/05/19,A10F012724,17/11/18,"0,52","0,8",9,AP,
MTS,30/05/19,A08F485111,19/06/18,"0,56","1,8","7,4",AP,
MTS,30/05/19,A19N047641,27/03/19,"0,2","0,2","0,8",AP,
MTS,30/05/19,A19N073107,08/04/19,"0,14",1,"1,8",AP,
MTS,30/05/19,A04L593836,17/08/12,"0,3","0,4",11,RP1,N
MTS,30/05/19,A14F012226,12/05/14,"4,68","2,6","89,8",RP1,N
MTS,30/05/19,A08F071308,21/03/08,"0,86","1,6","12,2",RP1,N
MTS,30/05/19,A07F220683,13/03/15,"1,66","1,6","6,4",AP,
MTS,30/05/19,A08F289145,25/06/08,"1,7",1,"2,2",AP,
MTN,30/05/19,A08F211405,23/05/08,"0,2","0,4","5,8",AP,
MTN,30/05/19,A18N288310,26/11/18,"0,72","2,2","2,4",AP,
MTN,30/05/19,A17F109617,23/11/17,"2,14","2,6",2,AP,
MTN,30/05/19,A19N058104,12/03/19,"0,66","0,4","1,6",AP,
MTN,30/05/19,A08F481938,31/05/11,"7,22",6,"48,2",RP3,N
MTN,30/05/19,A18N451448,05/02/19,"0,18","0,8","0,6",AP,
MTN,30/05/19,A04S352965,27/10/11,"0,98","0,2","2,8",AP,
MTN,31/05/19,E15L001288,30/11/15,"0,1",0,0,AP,
MTL,31/05/19,A10F060096,21/10/14,"0,26",1,6,AP,
MTL,31/05/19,A09F305609,24/04/15,"1,3","4,2","87,6",RP1,N
MTL,31/05/19,A15F197518,17/07/15,"1,82","1,8","23,8",RP1,N
MTL,31/05/19,A13F269974,05/09/14,"0,88","5,2","57,4",RP2,N
MTL,31/05/19,A14F116837,25/05/18,"1,86","2,2","16,4",RP1,N
MTL,31/05/19,A12F176393,05/04/13,"2,38",3,"25,8",RP1,N
MTL,31/05/19,A11F221283,28/07/12,"0,6","1,6","29,6",RP1,N
MTL,31/05/19,A19N061079,22/03/19,"0,12","0,6",1,AP,
MTS,31/05/19,A07S356184,18/10/07,"2,46","9,8","28,4",RP2,N
MTS,31/05/19,A18N146631,18/07/18,"0,98","0,4","1,4",AP,
MTS,31/05/19,A18N456571,14/03/19,"0,98","0,6","0,6",AP,
MTS,31/05/19,A18N057136,17/04/18,"0,3",0,"12,2",RP1,N
MTS,31/05/19,A17N282276,11/01/18,"0,1","0,2","5,4",AP,
MTO,31/05/19,A15F050432,05/06/18,"8,2","3,6","3,8",RP1,N
MTO,31/05/19,A15F050424,05/06/18,"0,62","1,4",53,RP1,N
MTO,31/05/19,A05L146166,26/03/13,"1,22","0,8","9,4",AP,
MTO,31/05/19,A18N290994,13/12/18,"0,12","0,2",0,AP,
MTO,31/05/19,A14F458044,18/11/15,"0,36","1,6",1,AP,
MTL,31/05/19,A08F412825,19/12/13,"1,34","0,6",6,AP,
MTL,01/06/19,A17F071410,15/12/17,"0,76",0,7,AP,
MTL,01/06/19,A18N286566,10/12/18,"0,06","1,8","3,4",AP,
MTL,01/06/19,A14F398258,09/12/14,"1,48","0,6","6,4",AP,
MTL,01/06/19,A09F272496,05/10/18,"1,46","1,8",6,AP,
MTL,01/06/19,A14F201953,27/06/14,"0,3","1,4","21,4",RP1,N
MTL,01/06/19,A18N049486,11/04/18,"0,2","0,6","3,4",AP,
MTL,01/06/19,A16F122701,15/07/16,"1,52","0,2","3,8",AP,
MTL,01/06/19,A17F109518,20/12/17,"1,22","0,2",8,AP,
MTO,01/06/19,A18N211974,10/09/18,"0,7",0,"0,6",AP,
MTO,01/06/19,A08F453111,16/03/18,"1,02","1,6","16,4",RP1,N
MTN,01/06/19,A17F006429,02/04/17,"0,08",0,"22,4",RP1,N
MTO,01/06/19,A08F072850,30/08/16,"1,76","5,2",75,RP2,N
MTO,01/06/19,A00S120171,02/09/08,"1,85",9,100,RP2,N
MTO,01/06/19,A18N444003,06/02/19,"0,64",1,"2,4",AP,
MTN,01/06/19,A07S267503,02/02/13,"1,38","1,2","14,2",RP1,N
MTO,01/06/19,A09F218583,07/12/15,"0,4","1,4","34,6",RP1,N
MTO,01/06/19,A19N075828,09/04/19,"1,4","1,2","1,2",AP,
MTO,01/06/19,A16F201000,04/11/16,"0,4",2,20,RP1,N
MTO,01/06/19,A10F054301,16/03/10,"1,58",1,"3,8",AP,
MTO,01/06/19,A16F132753,03/08/16,"1,28","1,8","4,2",AP,
MTO,01/06/19,A09F215697,14/10/09,"0,38","0,4",18,RP1,N
MTO,01/06/19,A18N055505,27/04/18,"0,8","0,2","6,4",AP,
MTO,01/06/19,A14F411483,26/05/15,"0,34","0,4","24,8",RP1,N
MTO,01/06/19,A18N382459,27/12/18,"0,32","0,2","1,4",AP,
MTL,01/06/19,A14F452650,26/01/15,"1,1","1,2","42,6",RP1,N
MTL,01/06/19,A08F314262,28/10/16,"1,22","1,6",5,AP,
MTN,01/06/19,A12F033208,25/09/12,"0,28",1,"4,8",AP,
MTN,01/06/19,A11F183342,02/04/12,"0,32","0,6","42,2",RP1,N
MTN,01/06/19,A09F164773,12/11/18,"0,04","1,2","5,6",AP,
MTN,01/06/19,A06F395225,12/07/12,"0,06","0,6","44,4",RP1,N
MTN,01/06/19,A19N058243,22/03/19,"0,42","0,4","0,6",AP,
MTL,01/06/19,A11N239396,23/11/11,"0,75","0,5","0,5",AP,
MTL,01/06/19,A18N019770,29/03/18,"1,72","1,4","5,2",AP,
MTL,01/06/19,A16F261837,06/01/17,"1,2","0,8","40,8",RP1,N
MTL,01/06/19,A19N079369,04/04/19,"0,18","0,2","0,2",AP,
MTL,01/06/19,A18N437755,12/02/19,"0,86","1,4","1,2",AP,
MTL,01/06/19,A18N438606,16/01/19,"0,66","1,6",1,AP,
MTL,01/06/19,A17N301664,02/02/18,"1,4","0,8","6,2",AP,
MTL,03/06/19,E10S006819,18/02/14,"0,96","1,2",1,AP,
MTL,03/06/19,A08F405333,11/08/16,"2,58","0,8","2,2",AP,
MTS,03/06/19,A15S164286,20/07/18,"0,68","0,6",2,AP,
MTS,03/06/19,A16F198037,04/07/18,"1,26","0,8","17,8",RP1,N
MTS,03/06/19,A18N384987,08/01/19,"0,5",0,"0,4",AP,
MTS,03/06/19,A06F399199,09/08/16,"1,92","2,4","23,8",RP1,N
MTS,03/06/19,A15L031570,08/08/18,"1,34","0,6","13,6",RP1,N
MTS,03/06/19,A17S268588,17/10/18,"1,06","0,2","1,4",AP,
MTN,03/06/19,A19N058832,06/04/19,"0,26","0,2","0,4",AP,
MTN,03/06/19,A19N059583,06/04/19,"0,02","0,2",0,AP,
MTN,03/06/19,A08F346247,18/05/17,"1,48","0,6","3,8",AP,
MTN,03/06/19,A19N077652,09/05/19,"0,14",1,"1,6",AP,
MTN,03/06/19,A06F375386,06/05/17,"1,78","0,2","7,4",AP,
MTN,03/06/19,A04L201219,29/06/09,"0,48","20,2",72,RP2,N
MTN,03/06/19,A11F327198,23/07/14,"2,58","0,8","32,8",RP1,N
MTN,03/06/19,A16F149401,25/08/16,"1,6",0,"19,6",RP1,N
MTS,03/06/19,A18N105512,02/05/18,"1,86",1,"5,2",AP,
MTS,03/06/19,A12F367053,14/09/13,"1,36",1,"5,2",AP,
MTO,03/06/19,A14F118831,16/10/14,"0,28",0,"16,2",RP1,N
MTO,03/06/19,A19N055473,25/03/19,"0,42","0,4","0,6",AP,
MTO,03/06/19,A10F481506,05/09/13,"4,56",3,"55,2",RP1,N
MTO,03/06/19,A16F256637,09/02/17,"0,9",0,"7,2",AP,
MTL,04/06/19,E16S005037,24/10/18,"1,08","0,4",3,AP,
MTL,04/06/19,A12F351803,06/08/13,"0,18","0,8",14,RP1,N
MTN,04/06/19,A17F065798,04/09/17,"0,08","0,4","3,4",AP,
MTN,04/06/19,A18N184197,20/07/18,"0,86","1,2","2,2",AP,
MTN,04/06/19,A07S263861,25/04/15,"1,32","0,6","6,4",AP,
MTN,04/06/19,A18N184095,01/08/18,"0,76","1,4","1,2",AP,
MTN,04/06/19,A99L142141,12/06/09,"1,82","0,2","5,8",AP,
MTN,04/06/19,A17F006508,04/04/17,"0,52","1,6",8,AP,
MTN,04/06/19,A18N440604,23/01/19,"0,56","1,2","8,8",AP,
MTN,04/06/19,A06F281474,05/11/14,"1,36","0,8","9,2",AP,
MTL,04/06/19,A06F348723,25/08/16,"0,18",2,12,RP1,N
MTL,04/06/19,A18N437824,17/01/19,"0,34","0,2","3,2",AP,
MTL,04/06/19,A13F290911,31/01/14,"1,08","0,2","35,2",RP1,N
MTL,04/06/19,A06F278466,09/03/17,"1,36","0,2","11,2",RP1,N
MTL,04/06/19,A18N049873,30/04/18,"0,02","0,6","7,6",AP,
MTL,04/06/19,A12F350661,13/07/13,"0,44",0,"18,6",RP1,N
MTL,04/06/19,A05F332885,22/09/16,"0,98","1,4","24,4",RP1,N
MTO,04/06/19,A11F324451,29/03/12,"0,9","1,2","20,6",RP1,N
MTO,04/06/19,A04S065420,31/01/13,"0,76",0,"6,4",AP,
MTO,04/06/19,A17F112298,05/02/18,"0,3",0,"9,2",AP,
MTO,04/06/19,A15F259760,10/11/15,"0,22","0,2","10,8",RP1,N
MTO,04/06/19,A14F155027,16/10/18,"3,14","5,4","4,4",RP1,N
MTO,04/06/19,A18N291043,26/12/18,"0,14","0,6","2,4",AP,
MTN,04/06/19,A07S097196,14/12/12,"2,28",1,"7,2",AP,
MTN,04/06/19,A18N439106,05/02/19,"3,7","1,2","2,4",AP,
MTN,04/06/19,A02S682561,20/04/11,"1,26","0,8","4,2",AP,
MTL,04/06/19,A17F064261,29/08/17,"0,62","1,2","16,4",RP1,N
MTN,04/06/19,A18N439070,28/01/19,"0,26","0,8","0,6",AP,
MTL,04/06/19,A19N078726,02/04/19,"0,26","0,6","2,6",AP,
MTS,04/06/19,A14F121627,13/06/14,"0,64","1,2","13,2",RP1,N
MTL,04/06/19,A12F352401,28/08/13,"0,14","0,8","42,4",RP1,N
MTS,04/06/19,A15F247134,26/09/15,"1,48","0,6","15,4",RP1,N
MTL,04/06/19,A04S014885,03/10/16,"1,4",1,"3,8",AP,
MTL,04/06/19,A17N313999,26/02/18,"1,7",3,2,AP,
MTL,05/06/19,C04S002835,19/11/18,"2,58","5,6","2,2",RP1,N
MTL,05/06/19,E09S006823,18/01/11,"9,4","21,6",22,RP3,N
MTL,05/06/19,A19N062447,08/03/19,"2,1","0,4",0,AP,
MTL,05/06/19,A10F209057,28/11/18,"1,96",2,"6,6",AP,
MTL,05/06/19,A19N080171,20/03/19,"0,86","1,2",4,AP,
MTL,05/06/19,A10F484245,13/06/19,"1,5","3,4","76,6",RP1,N
MTL,05/06/19,A10F009432,13/06/19,"0,5",4,100,RP1,N
MTL,05/06/19,A12F365328,03/09/13,"0,42","1,4","5,4",AP,
MTL,05/06/19,A06F392030,17/06/19,"0,4","2,6","73,4",RP1,N
MTS,05/06/19,A18N198155,27/11/18,"0,9",2,"0,6",AP,
MTO,05/06/19,A14F411477,21/05/15,"1,66","1,4",36,RP1,N
MTS,05/06/19,A17N279423,18/01/18,"2,76","0,8","1,6",AP,
MTS,05/06/19,A11F329322,05/06/19,,,,RP1,N
MTS,05/06/19,A18N026749,16/04/18,"1,16",0,5,AP,
MTS,05/06/19,A12F272836,09/02/13,"1,56","0,4","16,4",RP1,N
MTN,05/06/19,A18N175461,04/12/18,"0,1","0,6","1,8",AP,
MTL,05/06/19,A14F028600,17/06/19,"0,72","2,6",87,RP1,N
MTL,05/06/19,A12F153417,17/06/19,"0,4","0,6","17,4",RP1,N
MTL,05/06/19,A09F121133,05/06/19,,,,RP1,N
MTL,05/06/19,A15F107921,17/06/19,"1,7",2,35,RP1,N
MTL,05/06/19,A19N061112,07/03/19,"0,6","0,8","0,6",AP,
MTL,05/06/19,A05F336871,17/06/19,"0,9","1,6","41,4",RP1,N
MTL,05/06/19,A12F176596,11/06/19,"0,3",1,"12,6",RP1,N
MTL,05/06/19,A19N125767,14/05/19,"0,24","0,4",0,AP,
MTL,05/06/19,A15F198422,17/06/19,"0,6","4,6",100,RP1,N
MTN,05/06/19,A07F220094,18/06/19,"1,2",2,12,RP1,N
MTO,05/06/19,A11N316497,22/09/11,"0,45","0,5","1,5",AP,
MTN,05/06/19,A04S262297,10/06/19,"0,32",100,100,RP2,N
MTN,05/06/19,A15F206510,18/06/19,"0,66","0,4","12,6",RP1,N
MTN,05/06/19,A04L331473,09/11/12,"0,3",0,8,AP,
MTN,05/06/19,A07F253425,08/06/17,"1,7",2,"4,4",AP,
MTS,05/06/19,A18N145109,06/06/18,"0,2",2,"0,4",AP,
MTS,05/06/19,A17N307885,13/03/18,"1,9",0,"5,6",AP,
MTS,05/06/19,A14F082277,12/06/19,"0,86","0,2",23,RP1,N
MTS,05/06/19,A08F483596,26/07/16,"1,36","0,6","24,6",RP1,N
MTS,05/06/19,A14F240719,28/12/16,"0,74","2,8","5,4",AP,
MTS,05/06/19,A12F376910,23/10/13,"0,1",0,13,RP1,N
MTL,05/06/19,A07S037271,14/06/19,"2,7",11,100,RP2,N
BME,05/06/19,A11F226409,06/02/13,"1,7","0,6","38,4",RP1,N
MTO,06/06/19,A07S621611,29/01/08,"0,62","0,4","7,6",AP,
MTO,06/06/19,A19N107074,02/05/19,"1,18","0,4",1,AP,
MTO,06/06/19,A14F078261,19/05/14,"0,34","1,4","5,4",AP,
MTO,06/06/19,A14F287456,21/08/14,"2,92","1,6","26,2",RP1,N
MTO,06/06/19,A15F076044,04/05/15,"0,4","0,8","9,6",AP,
MTO,06/06/19,A06F351068,01/12/16,"0,62","1,4","7,4",AP,
MTO,06/06/19,A12F236282,21/12/12,"0,68","0,8","8,2",AP,
MTO,06/06/19,A18N443201,07/02/19,"1,04",1,"1,4",AP,
MTO,06/06/19,A06S756843,21/06/14,,,,RP1,N
MTO,06/06/19,A14F078596,16/05/14,"0,6",0,"10,4",RP1,N
MTO,06/06/19,A14F007396,12/03/14,"0,46","0,6","7,6",AP,
MTO,06/06/19,A12F368401,16/08/13,"0,94",1,"23,6",RP1,N
MTO,06/06/19,A18N186549,06/12/18,"0,34","0,4","0,6",AP,
MTO,06/06/19,A06S474462,25/04/14,"1,5","0,4","14,6",RP1,N
MTL,06/06/19,A05L145274,07/04/05,"3,14",0,3,AP,
MTO,06/06/19,A08F423145,15/09/08,"1,26","0,4",26,RP1,N
MTO,06/06/19,A17N285761,24/01/18,"1,36",1,"1,4",AP,
MTO,06/06/19,A04S261362,06/10/11,"3,5",11,39,RP2,N
MTO,06/06/19,A19N106697,07/05/19,"0,7",1,"0,6",AP,
MTL,06/06/19,A17N300569,07/02/18,"0,06","0,4",1,AP,
MTL,06/06/19,A18N136335,10/07/18,"1,4","0,4","15,2",RP1,N
MTL,06/06/19,A18N049417,09/04/18,"1,36",1,11,RP1,N
MTL,06/06/19,A17F022125,06/05/17,"6,94","8,4",11,RP3,P
MTL,06/06/19,A18N209603,08/10/18,"0,5",2,"3,4",AP,
MTL,06/06/19,A18N447861,12/03/19,"0,2",1,1,AP,
MTL,06/06/19,A18N447100,08/03/19,"0,62","0,6",0,AP,
BME,06/06/19,A18N230347,17/10/18,"0,8",1,1,AP,
BME,06/06/19,A12F371168,10/10/13,2,"1,6",9,AP,
BME,06/06/19,A16F050524,04/11/16,"0,1",0,19,RP1,N
MTS,06/06/19,A10F492419,06/04/11,"0,04",3,45,RP1,N
MTS,06/06/19,A14F084063,02/06/14,"2,24",0,8,AP,
MTS,06/06/19,A18N456493,18/03/19,"0,9",1,1,AP,
MTS,06/06/19,A18N455583,12/02/19,"0,04",1,0,AP,
MTS,06/06/19,A09F164132,21/07/09,"0,8",12,17,RP2,N
MTS,06/06/19,A01S004867,24/09/08,"1,84",23,"28,6",RP2,N
MTS,06/06/19,A18N107717,27/04/18,"0,5","2,2","10,8",RP1,N
MTS,06/06/19,A03S450548,10/09/10,"3,5","89,6","89,6",RP2,P
MTS,06/06/19,A18N457037,14/03/19,"0,46",1,0,AP,
MTS,06/06/19,A11F224728,07/01/12,"0,16","1,6",24,RP1,N
MTL,06/06/19,A18N210125,06/09/18,"0,4","0,6",9,AP,
MTS,06/06/19,A15F079811,27/04/15,"1,7","1,4","56,2",RP1,N
MTS,06/06/19,A18N147005,11/06/18,"0,26","0,4","0,4",AP,
MTO,07/06/19,A18N452556,07/01/19,"0,72",0,"0,6",AP,
MTO,07/06/19,A18N382618,21/12/18,"0,5",0,1,AP,
BCL,07/06/19,A10F055166,22/05/10,"0,48","0,2","9,6",AP,
MTO,07/06/19,A15F137364,25/06/15,"3,84",2,"33,4",RP1,N
MTO,07/06/19,A05F075382,11/07/11,"0,7",1,"21,5",RP1,N
MTO,07/06/19,A11N320337,21/09/11,0,"0,5",6,AP,
MTO,07/06/19,A10F487029,29/11/10,"0,42","2,2","97,8",RP1,N
MTO,07/06/19,A18N053600,16/04/18,"0,38","0,2","4,8",AP,
MTO,07/06/19,A18N053168,11/05/18,3,"0,6","0,2",AP,
MTO,07/06/19,A12F034418,25/04/12,"1,54",4,27,RP1,N
MTS,07/06/19,A15F239362,11/03/16,"0,14","1,4",19,RP1,N
MTS,07/06/19,A13L266021,17/11/14,"0,46",0,0,AP,
MTS,07/06/19,A11F186492,20/12/11,"1,3",0,"67,2",RP1,N
MTS,07/06/19,A19N074405,09/04/19,"0,66","1,6",0,AP,
MTS,07/06/19,A17N308822,03/04/18,0,2,2,AP,
MTS,07/06/19,A05F064080,30/03/16,"1,3","3,4",50,RP1,N
MTS,07/06/19,A15F043125,10/03/15,"1,98","30,8",26,RP2,N
MTS,07/06/19,A05L139825,06/05/13,"1,3",2,2,AP,
MTS,07/06/19,A08F216718,07/05/13,"1,46","1,4",43,RP1,N
MTN,07/06/19,A19N059461,11/03/19,"0,06","0,4","0,4",AP,
MTN,07/06/19,A19N058361,21/03/19,"0,36","0,4","0,4",AP,
MTN,07/06/19,A09F289688,02/05/18,"1,44","0,6","9,4",AP,
MTN,07/06/19,A08F057488,30/04/17,"1,76","0,4",14,RP1,N
MTN,07/06/19,A04S039687,04/12/10,"2,64","3,6",9,AP,
MTO,07/06/19,A08F402132,21/08/08,"1,06",1,"23,6",RP1,N
MTO,07/06/19,A18N291943,07/12/18,"0,7","0,6",2,AP,
MTO,07/06/19,A10F548933,29/04/11,"3,36","1,4","11,2",RP1,N
MTO,07/06/19,A18N382315,04/01/19,"0,02","0,2",0,AP,
MTO,07/06/19,A14F006671,24/02/14,"1,86","4,6","98,6",RP1,N
MTO,07/06/19,A06F431300,06/03/09,"3,1","1,2","23,4",RP1,N
MTO,07/06/19,A13F268573,28/01/14,"2,8",1,"5,6",AP,
MTO,07/06/19,A08F408598,07/08/08,"6,8","11,2","99,8",RP2,N
MTO,07/06/19,A10F555673,02/03/11,"2,76",5,"24,4",RP1,N
MTN,08/06/19,A14F442553,24/03/15,"0,16","1,4",61,RP1,N
MTN,08/06/19,A16F259533,19/01/17,"0,96","1,2",14,RP1,N
MTN,08/06/19,A02S081306,28/01/11,"0,64","1,2","6,8",AP,
MTN,08/06/19,A17F004421,20/02/17,"0,6","0,6","4,4",AP,
MTN,08/06/19,A18N440537,26/01/19,"0,68",1,"1,2",AP,
MTN,08/06/19,A06F359753,28/07/11,"1,62",3,"19,6",RP1,N
MTN,08/06/19,A19N108860,18/04/19,"1,74","0,6","1,8",AP,
MTL,08/06/19,A12F375561,18/09/13,"1,16","4,8","55,4",RP1,N
MTL,08/06/19,A15F245686,26/10/15,"0,18","1,6","6,6",AP,
MTL,08/06/19,A18N208859,13/09/18,"0,96","1,2","0,6",AP,
MTL,08/06/19,A13F265698,27/03/14,"0,02","0,6",8,AP,
MTL,08/06/19,A19N079863,21/03/19,"1,28","0,4","0,6",AP,
MTL,08/06/19,A15F019726,23/02/15,"1,58","1,4","16,4",RP1,N
MTL,08/06/19,A18N448119,19/02/19,"0,04","0,2","0,6",AP,
MTL,08/06/19,A19N110402,26/04/19,"0,26",0,2,AP,
MTL,08/06/19,A16F261736,26/01/17,"0,66","2,8","37,6",RP1,N
MTL,08/06/19,A18N376931,25/01/19,"1,4","0,4",1,AP,
MTL,08/06/19,A12F188152,31/07/17,,,,RP1,N
MTL,08/06/19,A05F117377,14/04/16,"0,56","0,4","11,4",RP1,N
MTL,08/06/19,A14F114182,07/07/14,"1,58",1,"7,2",AP,
MTS,08/06/19,A18N233423,24/01/19,"0,6","0,4",1,AP,
MTS,08/06/19,A18N196686,13/12/18,"0,66","0,6","0,6",AP,
MTS,08/06/19,A19N103050,03/05/19,"0,46","0,4",2,AP,
MTS,08/06/19,A06F302756,25/06/13,"5,8",3,19,RP1,N
MTS,08/06/19,A08F475376,26/06/18,"0,2",1,"31,4",RP1,N
MTS,08/06/19,A05L076073,20/06/13,"2,8","1,6","1,4",AP,
MTL,08/06/19,A12F348186,20/12/16,"0,34","0,6",19,RP1,N
MTL,08/06/19,A09F026611,08/12/14,"2,4","2,6","79,4",RP1,N
MTS,08/06/19,A18N233258,12/12/18,"1,56",0,0,AP,
MTS,08/06/19,A18N145944,18/07/18,"1,6","0,6","0,2",AP,
MTS,08/06/19,A18N454352,09/03/19,"0,06",1,1,AP,
MTO,08/06/19,A07S301498,15/01/11,"0,6",1,6,AP,
MTO,08/06/19,A14F442166,23/03/15,"2,2",1,3,AP,
MTO,08/06/19,A17F026228,05/05/17,,,,RP1,N
MTO,08/06/19,A18N319740,19/10/18,"0,16",0,2,AP,
MTO,08/06/19,A14F006457,20/02/14,"0,9","0,4","4,6",AP,
MTO,08/06/19,A11N321000,23/09/11,"0,4",1,"3,5",AP,
MTO,08/06/19,A09F033080 ,13/04/09,"1,64","0,6","19,8",RP1,N
MTO,08/06/19,A19N076451,10/04/19,"9,64","1,6","3,6",AP,
MTO,08/06/19,A13F201585,12/11/13,"0,9",1,6,AP,
MTO,08/06/19,A15F255858,22/02/16,"0,64","1,4","25,6",RP1,N
MTS,10/06/19,D15L000986,11/10/18,"0,42",1,"3,2",AP,
MTL,10/06/19,E08S003628,10/08/17,"0,04","1,2",1,AP,
MTL,10/06/19,C04S003871,25/03/10,"0,95","3,5",5,AP,
MTL,10/06/19,A10F041418,12/04/16,"0,6","2,2","9,8",AP,
MTL,10/06/19,A08F224190,21/11/18,"0,24","0,4","5,6",AP,
MTL,10/06/19,A13F198589,27/12/13,"1,36",1,"8,4",AP,
MTL,10/06/19,A18N308999,11/12/18,"0,16",0,0,AP,
MTN,10/06/19,A17N284711,16/04/18,"0,2","0,6",2,AP,
MTN,10/06/19,A18N052075,09/08/18,"0,34","0,6",3,AP,
MTN,10/06/19,A03S355605,18/06/19,"0,62","3,4","11,4",RP1,N
MTN,10/06/19,A18N185011,04/07/18,"0,34",2,5,AP,
MTN,10/06/19,A07S203990,18/06/19,"0,5","17,6","17,8",RP2,N
MTN,10/06/19,A15F020654,18/06/19,"0,6",4,"97,4",RP1,N
MTN,10/06/19,A11F310688,20/04/12,"1,6",9,100,RP2,N
MTN,10/06/19,A11F287906,10/06/19,,,,RP1,N
MTL,10/06/19,A16F198230,13/10/16,"0,54",1,20,RP1,N
MTL,10/06/19,A17F064499,18/06/19,"0,46",2,36,RP1,N
MTL,10/06/19,A18N020466,08/03/18,"0,74","1,6",3,AP,
MTL,10/06/19,A19N197539,22/05/19,"1,3",1,2,AP,
MTL,10/06/19,A17F072531,30/09/17,"0,7",0,3,AP,
MTL,10/06/19,A13F228048,10/06/19,,,,RP1,N
MTL,10/06/19,A12F365841,27/08/13,"0,02","0,4","10,6",RP1,N
MTL,10/06/19,A15F159485,18/09/19,"1,26",1,"20,6",RP1,N
MTO,10/06/19,A08F487972,12/11/08,"1,26","0,8","4,6",AP,
MTO,10/06/19,A18N023612,04/05/18,"1,04",2,"3,6",AP,
MTO,10/06/19,A17N287226,24/01/18,"0,54","1,6","2,6",AP,
MTO,10/06/19,A18N319969,24/10/18,"2,66",2,1,AP,
MTO,10/06/19,A06F311599,24/06/19,"0,74",1,"26,6",RP1,N
MTO,10/06/19,A18N141092,13/11/18,1,0,0,AP,
MTS,10/06/19,A08F500546,14/06/19,"0,3",0,14,RP1,N
MTS,10/06/19,A14F289135,18/08/14,"3,26","4,4",25,RP1,N
MTS,10/06/19,A17N281468,20/02/18,"1,6",3,9,AP,
MTS,10/06/19,A14F414310,27/12/14,1,"2,4","42,6",RP1,N
MTS,10/06/19,A13F242555,13/06/19,"2,6",2,22,RP1,N
MTL,11/06/19,C03S000870,05/04/19,"1,08","1,8","5,2",AP,
MTS,11/06/19,B17S015318,04/10/18,"1,24",1,2,AP,
MTS,11/06/19,A15F061026,24/06/19,,,,RP1,N
BME,11/06/19,A07F309325,14/06/19,,,,RP1,N
MTN,11/06/19,A02S689104,25/09/10,"0,1",0,"4,2",AP,
MTN,11/06/19,A07F306537,23/12/08,"5,9","4,4",99,RP1,N
MTN,11/06/19,A15F162242,29/10/15,"2,64","2,4",59,RP1,N
MTN,11/06/19,A19N060162,29/03/19,"0,9",1,1,AP,
MTN,11/06/19,A12F105573,04/12/14,"1,8","1,6","12,6",RP1,N
MTN,11/06/19,A19N058896,20/03/19,"1,78","0,8","0,2",AP,
MTN,11/06/19,A14F460229,26/01/15,"0,16","0,6","17,4",RP1,N
BME,11/06/19,A10F089029,14/03/19,"0,26","0,2","4,4",AP,
MTN,11/06/19,A19N058877,09/03/19,"0,64","0,2","1,8",AP,
MTS,11/06/19,A18N058341,01/06/18,"0,3","0,4","2,2",AP,
MTS,11/06/19,A18N456766,11/02/19,"0,66","0,4","1,6",AP,
MTS,11/06/19,A19N103818,16/04/19,"0,54","0,6",3,AP,
MTS,11/06/19,A14L127323,01/07/15,"1,04","1,4","0,4",AP,
BPA,11/06/19,A15F145518,26/03/16,"3,5","0,4",4,AP,
BME,11/06/19,A18N063298,24/05/18,"0,54","0,2",2,AP,
BME,11/06/19,A17F015334,16/05/17,"0,2","0,6","24,4",RP1,N
BME,11/06/19,A11N237905,17/11/11,"2,8",1,"4,5",AP,
BME,11/06/19,A09F004033,27/04/09,"16,4",19,65,RP3,P
BME,11/06/19,A10F166751,05/08/10,"3,64","2,6","18,4",RP1,N
MTL,11/06/19,A07F294146,10/04/17,"1,04","0,4","27,4",RP1,N
MTL,11/06/19,A11F224561,23/04/13,"0,46","0,4",100,RP1,N
MTL,11/06/19,A09F188970,20/08/09,"0,5",0,22,RP1,N
MTL,11/06/19,A09F286152,08/11/14,"0,16","0,8","7,6",AP,
MTL,11/06/19,A18N447418,14/03/19,1,"0,6","1,6",AP,
MTL,11/06/19,A18N090369,14/06/18,"0,3",0,1,AP,
MTL,11/06/19,A19N125837,13/05/19,1,1,"0,6",AP,
MTL,11/06/19,A14F284097,20/08/14,"2,2",1,"1,4",AP,
MTL,11/06/19,A07F311081,27/03/17,"0,74","0,2","23,4",RP1,N
MTL,11/06/19,A18N209036,28/09/18,"1,1",0,5,AP,
MTL,11/06/19,A16F259694,12/01/17,"0,6",0,"8,6",AP,
MTL,11/06/19,A14F000893,18/02/14,"2,34",5,100,RP1,N
MTN,11/06/19,A09F240465,11/11/09,"0,54",0,"6,6",AP,
MTN,11/06/19,A18N290358,16/10/18,"1,14",1,1,AP,
MTN,11/06/19,A18N139959,21/06/18,"0,06",0,4,AP,
MTO,11/06/19,A00S608528,30/04/09,"1,56","7,4",12,RP2,N
MTO,11/06/19,A18N453461,11/03/19,"0,86","1,8",1,AP,
MTO,11/06/19,A08F216668,09/12/16,"1,24",1,9,AP,
BME,11/06/19,A03S026472,15/01/09,"4,54","5,2","11,4",RP2,N
BME,11/06/19,A09N503006,19/01/10,"1,05","0,5",7,AP,
MTL,12/06/19,D15L000942,18/01/19,"1,54","3,2","2,4",AP,
MTO,12/06/19,A10F212234,31/03/11,"0,8","1,2","3,6",AP,
MTS,12/06/19,A17N307475,15/02/18,"0,72","0,2",8,AP,
MTS,12/06/19,A16F146583,04/11/16,"0,16","0,4","7,6",AP,
MTS,12/06/19,A18N444516,07/01/19,"0,8","1,2","0,4",AP,
MTS,12/06/19,A18N232129,08/12/18,"0,68","1,6","3,6",AP,
MTS,12/06/19,A11N304073,10/11/11,"0,35",0,"4,5",AP,
MTO,12/06/19,A17N286928,23/01/18,"0,06",1,"5,6",AP,
BME,12/06/19,A17F099886,01/02/18,"3,96",5,"5,2",AP,
BME,12/06/19,A15F205637,14/06/19,"1,62","0,4","35,6",RP1,N
BME,12/06/19,A02S132784,10/12/08,"0,24","0,4","1,4",AP,
MTN,12/06/19,A10F252487,13/12/10,"0,1","1,6",36,RP1,N
MTN,12/06/19,A09F283566,06/06/13,"0,52","0,4","0,4",AP,
MTN,12/06/19,A15F205936,20/01/16,,,,RP1,N
MTN,12/06/19,A10F040745,10/03/14,"0,76","1,8","25,6",RP1,N
MTN,12/06/19,A18N289861,24/10/18,"0,08","0,4","0,8",AP,
MTN,12/06/19,A16F258144,13/02/17,"0,26",1,10,AP,
MTL,12/06/19,A19N125783,09/05/19,"0,5",1,"1,4",AP,
MTL,12/06/19,A12F350551,01/08/13,"0,5",1,"4,6",AP,
MTL,12/06/19,A17N300777,26/01/18,"0,28","1,4",1,AP,
MTL,12/06/19,A17F072825,23/11/17,"1,24","1,6",3,AP,
MTL,12/06/19,A10F253339,30/12/10,,,,RP1,N
MTL,12/06/19,A07F314654,26/05/17,"0,2","0,6","31,4",RP1,N
MTL,12/06/19,A10F173314,14/08/10,"2,84","2,6",21,RP1,N
MTO,12/06/19,A09F115939,14/12/11,"1,8",0,"32,4",RP1,N
MTO,12/06/19,A17N306227,15/03/18,"0,3",1,"0,4",AP,
MTO,12/06/19,A14F241710,02/08/14,"0,84",0,14,RP1,N
MTO,12/06/19,A17F070425,09/11/17,"0,7","1,4",6,AP,
MTO,12/06/19,A17N285967,02/02/18,"0,24","0,6",2,AP,
BSI,12/06/19,A07F270983,18/08/07,"0,44","13,6","99,8",RP2,N
BME,12/06/19,A07F302816,24/04/08,"5,9",5,100,RP2,N
MTS,12/06/19,A16F277663,18/04/17,"1,04","0,6","20,8",RP1,N
MTS,12/06/19,A18N324404,22/10/18,"0,1",1,3,AP,
MTS,12/06/19,A19N072195,17/04/19,"0,84",2,"1,4",AP,
MTS,12/06/19,A18N232262,12/12/18,"0,76","2,2","1,8",AP,
MTS,12/06/19,A18N145358,20/06/18,"0,14",3,"4,6",AP,
MTS,12/06/19,A17F092856,11/12/17,"1,7",1,1,AP,
MTS,12/06/19,A08F455272,22/10/08,"1,74",3,16,RP1,N
MTS,12/06/19,A18N058077,18/05/18,"0,64",0,0,AP,
BME,12/06/19,A02S408331,21/06/11,"0,14","0,6","0,8",AP,
BME,12/06/19,A08F470637,15/12/08,"1,6","1,6",10,AP,
MTO,13/06/19,A06F368697,22/12/16,"1,02","2,4",24,RP1,N
MTO,13/06/19,A19N057110,23/03/19,"0,16",1,"0,2",AP,
MTO,13/06/19,A19N055905,23/03/19,"1,18",1,"1,4",AP,
MTO,13/06/19,A14F207190,16/09/14,"0,52","0,8",16,RP1,N
MTO,13/06/19,A04S161496,31/07/08,"1,7",1,"9,8",AP,
MTO,13/06/19,A05F064241,02/03/07,"1,96","4,6",100,RP1,N
MTO,13/06/19,A05L082390,27/03/13,"0,86",1,"5,6",AP,
MTO,13/06/19,A07F313833,12/06/17,"1,82","2,8","6,8",AP,
MTO,13/06/19,A18N055705,26/03/18,"1,02","3,2","15,8",RP1,N
MTO,13/06/19,A12F354007,03/04/13,"0,1","3,6",13,RP1,N
MTO,13/06/19,A18N187533,06/11/18,"0,58","0,4",1,AP,
MTS,13/06/19,A19N072985,30/03/19,"0,06",1,1,AP,
MTS,13/06/19,A07S040801,06/04/18,"1,38","1,2","3,6",AP,
MTO,13/06/19,A18N055321,01/06/18,"0,3","0,6",0,AP,
MTO,13/06/19,A11F291505,29/05/12,"0,96",5,28,RP1,N
BME,13/06/19,A12F241153,23/01/13,"36,06","43,4","23,4",RP3,P
BME,13/06/19,A07F206706,05/10/07,2,2,100,RP1,N
BME,13/06/19,A13F249191,02/07/14,"19,36",22,"3,6",RP2,P
BME,13/06/19,A09F322182,30/03/10,9,"11,4",13,RP3,P
BME,13/06/19,A15F143958,05/08/15,"19,74","24,4","10,6",RP3,P
BME,13/06/19,A12F335525,03/05/12,,,,RP1,N
MTO,13/06/19,A18N054876,22/05/18,"0,6",1,0,AP,
MTO,13/06/19,A18N092508,23/06/18,"0,2",3,3,AP,
MTO,13/06/19,A09F189359,31/08/09,"3,86","0,6","5,6",AP,
MTO,13/06/19,A18N054046,27/04/18,"0,54","1,6",4,AP,
MTO,13/06/19,A14F306309,26/09/14,"0,06",5,6,AP,
MTO,13/06/19,A08F231233,04/04/16,1,"0,6","40,4",RP1,N
MTO,13/06/19,A06S748467,03/08/11,"0,04",4,"6,6",AP,
MTO,13/06/19,A18N187240,17/10/18,"0,2",3,3,AP,
MTS,13/06/19,A18N057751,16/06/18,0,1,"6,6",AP,
MTS,13/06/19,A18N229218,22/08/18,"0,64","2,8","5,8",AP,
MTS,13/06/19,A18N454148,14/03/19,"0,2","3,6","0,4",AP,
MTS,13/06/19,A96L539965,18/12/08,"0,1",5,21,RP1,N
MTS,13/06/19,A17F093617,13/11/17,"2,1",6,"8,6",RP1,P
MTS,13/06/19,A18N233481,15/12/18,"0,8","1,4","1,4",AP,
MTN,13/06/19,A03S316876,11/08/10,"0,9","0,6","14,8",RP1,N
MTN,13/06/19,A04S124122,13/06/11,"0,2",2,"0,4",AP,
MTN,13/06/19,A10F169162,02/10/15,"1,46",1,"7,4",AP,
MTN,13/06/19,A16F123578,23/08/16,"1,56",2,"12,4",RP1,N
MTN,13/06/19,A08F475373,14/05/17,"1,04","3,6","47,6",RP1,N
MTN,13/06/19,A07S137647,08/05/14,,,,RP1,N
MTL,14/06/19,A04L544569,04/10/16,"0,7",1,"1,4",AP,
MTL,14/06/19,A18N102137,06/06/18,"0,44","0,6","0,6",AP,
MTL,14/06/19,A15F107973,23/04/15,"0,44",0,"17,6",RP1,N
MTN,14/06/19,A17F111514,27/11/17,"0,86",1,"12,2",RP1,N
MTN,14/06/19,A10F560072,02/10/13,"4,7","2,8","18,2",RP1,N
MTN,14/06/19,A18N289088,19/10/18,"4,7",6,7,RP1,P
MTN,14/06/19,A16F199679,31/10/16,"1,38","0,6",13,RP1,N
MTN,14/06/19,A08F234643,21/06/16,"1,34",0,"13,6",RP1,N
MTN,14/06/19,A18N050640,10/05/18,"0,04","1,4","3,4",AP,
MTN,14/06/19,A18N050735,10/05/18,"0,62","0,2","5,4",AP,
MTL,14/06/19,A17F063727,06/10/17,"0,04",0,"22,4",RP1,N
MTL,14/06/19,A11F037807,19/12/14,"3,52","2,4",22,RP1,N
MTL,14/06/19,A18N049019,30/04/18,"1,26",0,0,AP,
MTL,14/06/19,A14F376276,27/10/14,"0,64","0,6",65,RP1,N
MTL,14/06/19,A18N439046,16/01/19,"1,54","0,4",1,AP,
MTL,14/06/19,A14F115756,27/06/14,"1,2",1,2,AP,
MTS,14/06/19,A17N168118,01/02/18,"1,86",2,"1,8",AP,
MTS,14/06/19,A12F237509,16/01/13,"0,7","1,6",14,RP1,N
MTS,14/06/19,A18N196795,15/12/18,"1,46",1,"0,6",AP,
MTS,14/06/19,A11F222989,16/02/12,"1,16","1,4",33,RP1,N
MTS,14/06/19,A18F034001,18/02/19,"1,84","0,6","2,6",AP,
MTS,14/06/19,A14F377181,28/10/14,"2,1","2,4","64,6",RP1,N
MTS,14/06/19,A10F131854,17/06/13,"7,5",3,25,RP2,N
MTO,15/06/19,A07S091493,16/07/14,"2,3","2,4","7,2",AP,
BME,15/06/19,A19N070509,24/05/19,"0,94","0,4",2,AP,
MTO,15/06/19,A15F050429,05/06/18,"0,4",1,22,RP1,N
MTO,15/06/19,A10F005041,28/01/10,"3,54","3,4","33,2",RP1,N
MTO,15/06/19,A05L369558,08/05/13,"1,4",2,1,AP,
MTS,15/06/19,A18N229416,17/08/18,"0,7",1,17,RP1,N
MTL,15/06/19,A07F272527,30/06/17,"0,9","3,6","10,8",RP1,N
MTL,15/06/19,A17N314003,28/02/18,"0,1",3,99,RP1,N
MTL,15/06/19,A11N329113,11/01/13,"1,06","0,4","2,6",AP,
MTS,15/06/19,A10F051199,22/05/19,"2,68","3,4","15,6",RP1,N
MTS,15/06/19,A04S349451,18/03/13,"0,16","0,4",20,RP1,N
MTS,15/06/19,A14F245493,07/08/14,"0,16","0,6","6,4",AP,
MTN,15/06/19,A04S120926,08/01/13,,,,RP1,N
MTN,15/06/19,A13F145429,20/01/15,"0,9",1,"15,4",RP1,N
MTN,15/06/19,A19N064384,07/05/19,"0,04","0,8","0,8",AP,
MTN,15/06/19,A17N303569,21/03/18,"0,46","1,6","2,4",AP,
MTN,15/06/19,A19N109100,26/04/19,"0,66","0,4",1,AP,
MTN,15/06/19,A05L139536,23/04/13,"1,8","0,4","0,4",AP,
MTN,15/06/19,A18N290334,22/11/18,"0,94","1,2","1,8",AP,
MTO,15/06/19,A18N054537,29/05/18,"0,3","0,2","1,2",AP,
MTO,15/06/19,A18N185827,29/11/18,"0,76","1,2","1,8",AP,
MTO,15/06/19,A18N187004,29/11/18,"0,54","0,8",2,AP,
MTO,15/06/19,A17F026397,04/05/17,"0,54","0,4","5,8",AP,
MTO,15/06/19,A17N305261,08/03/18,"0,76","1,6","7,2",AP,
MTO,15/06/19,A18N452506,13/03/19,"0,98","0,2","0,8",AP,
MTN,15/06/19,A06F332228,29/12/16,"0,7","1,4","95,2",RP1,N
MTO,15/06/19,A11F288811,18/02/12,"0,62","0,4","30,6",RP1,N
MTN,15/06/19,A09F172848,24/05/16,"0,72","1,2","31,4",RP1,N
MTN,15/06/19,A18N050959,05/04/18,"0,58","0,8",2,AP,
MTN,15/06/19,A16F200041,27/10/16,,,,RP1,N
MTN,15/06/19,A12F359478,10/07/17,,,,RP1,N
MTN,17/06/19,A12F141523,12/04/13,"0,46","0,4","16,2",RP1,N
MTN,17/06/19,A12F033467,13/03/13,"2,12","0,4",1,AP,
MTN,17/06/19,A19N060290,09/04/19,"1,16","0,8","0,8",AP,
MTN,17/06/19,A16F056989,26/07/16,"0,42",,"7,4",AP,
MTN,17/06/19,A08F479262,13/12/17,"1,62","0,6","9,8",AP,
MTS,17/06/19,A18N232924,15/12/18,"0,04",1,2,AP,
MTS,17/06/19,A18N384803,22/12/18,"1,36","0,4","0,2",AP,
MTS,17/06/19,A13F145211,20/10/13,"0,52","0,6","16,8",RP1,N
MTS,17/06/19,A11N253567,23/09/11,,,,RP1,N
MTN,17/06/19,A17F065530,21/09/17,"2,66",,"10,4",RP1,N
MTS,17/06/19,A12F370697,08/07/13,"0,5",1,"13,4",RP1,N
MTS,17/06/19,A12F370301,08/07/13,"1,6","0,6","2,6",AP,
MTS,17/06/19,A15F247294,23/09/15,"1,74","0,6",32,RP1,N
MTS,17/06/19,A10F204788,29/09/10,"0,34","0,4","14,6",RP1,N
MTS,17/06/19,A19N104354,15/04/19,"0,26",1,2,AP,
MTO,17/06/19,A15F125021,12/06/15,"1,5","0,4","3,6",AP,
MTS,17/06/19,A18N293416,13/11/18,"2,16","1,4","1,6",AP,
MTL,17/06/19,A13F261753,18/01/14,"0,36","0,4","29,6",RP1,N
MTL,17/06/19,A09F321800,08/01/10,"0,04","0,6",3,AP,
MTL,17/06/19,A07S036093,27/02/07,"6,14","28,6",100,RP3,N
MTL,17/06/19,A18N437595,27/02/19,"0,1","0,6",1,AP,
MTL,17/06/19,A14F075656,11/11/14,"1,1","2,4",14,RP1,N
MTL,17/06/19,A09F209174,28/10/09,"0,38",2,"33,6",RP1,N
MTL,17/06/19,A09F172943,18/09/09,"2,14",2,"28,6",RP1,N
MTL,17/06/19,A18N089489,10/05/18,"0,1","0,6","2,4",AP,
MTN,17/06/19,A14F116700,26/09/14,"1,4",0,"3,6",AP,
MTO,17/06/19,A14F007329,11/03/14,"0,24",0,92,RP1,N
MTN,17/06/19,A06S754228,05/07/10,"1,94","4,2","17,4",RP1,N
MTL,17/06/19,A18N137700,03/08/18,"0,4",1,"8,6",AP,
MTO,17/06/19,A12F270925,18/12/12,"3,16",1,5,AP,
MTL,17/06/19,A17F063734,03/10/17,,,,RP1,N
MTO,17/06/19,A13F219647,30/11/13,"2,2","2,6",17,RP1,N
MTL,18/06/19,F08S003043,29/10/15,,,,RP1,N
MTL,18/06/19,D14L004964,11/11/17,"0,44",6,"4,4",AP,
MTS,18/06/19,A12F354590,26/04/13,"0,24",1,"4,6",AP,
MTS,18/06/19,A14F012311,31/03/14,,,,RP1,N
MTS,18/06/19,A14F401300,13/11/14,"1,3",1,"55,4",RP1,N
MTS,18/06/19,A09F173079,07/08/09,"1,06",4,"79,4",RP1,N
MTS,18/06/19,A14F120189,05/06/14,"0,26",0,"3,6",AP,
MTN,18/06/19,A05L145620,02/10/13,"2,8","2,4","0,6",AP,
BME,18/06/19,A16F127011,04/11/16,"0,46",1,17,RP1,N
BME,18/06/19,A11F238056,27/04/12,,,,RP1,N
MTL,18/06/19,A05F064257,06/04/16,"0,8",1,"30,4",RP1,N
MTL,18/06/19,A14F304711,23/09/14,"2,74",0,"44,6",RP1,N
MTL,18/06/19,A07F319455,10/03/15,"0,9","0,4","46,6",RP1,N
MTO,18/06/19,A17F026858,24/05/17,"1,9","0,4","7,4",AP,
MTO,18/06/19,A15F165298,16/07/15,"0,84",1,35,RP1,N
MTO,18/06/19,A11N236660,12/01/12,"4,6",6,1,RP1,P
MTS,18/06/19,A18N025034,09/05/18,"1,44","1,6",0,AP,
MTS,18/06/19,A08F295324,03/05/14,"1,24",1,"12,6",RP1,N
MTS,18/06/19,A19N050955,14/02/19,"0,66",2,3,AP,
MTS,18/06/19,A08F417299,29/09/08,"2,86","0,6",14,RP1,N
MTL,19/06/19,E16S004929,23/01/19,"2,24","0,4",3,AP,
MTN,19/06/19,D12L002345,11/11/15,"2,48","1,4","0,4",AP,
MTL,19/06/19,A16F261655,02/02/17,"0,94",1,23,RP1,N
MTL,19/06/19,A17F022392,20/04/17,"5,9","6,2","8,4",AP,
MTL,19/06/19,A19N079983,01/04/19,"2,64","2,8","4,8",AP,
MTL,19/06/19,A18N181789,16/08/18,"0,12",2,"24,8",RP1,N
MTL,19/06/19,A14F440462,19/01/15,"0,12","0,4",46,RP1,N
MTL,19/06/19,A18N090824,14/06/18,"1,24","0,8","1,8",AP,
MTL,19/06/19,A17F064559,21/08/17,"1,04","1,2","2,8",AP,
MTL,19/06/19,A18N308290,12/11/18,"0,32","1,4","1,6",AP,
MTL,19/06/19,A18N209115,27/09/18,"0,5","1,4","4,8",AP,
MTS,19/06/19,A07F203769,14/06/16,"1,56","1,4",32,RP1,N
MTS,19/06/19,A16F238863,25/01/17,"0,06","1,2","9,8",AP,
MTS,19/06/19,A18N445373,21/01/19,"0,54",0,"0,6",AP,
MTS,19/06/19,A05F107946,20/12/16,2,"0,4","13,4",RP1,N
MTS,19/06/19,A11F225002,05/03/12,"2,66","2,8","33,2",RP1,N
MTS,19/06/19,A07F347482,23/04/08,"0,16",0,19,RP1,N
MTS,19/06/19,A12F288306,25/02/13,"2,14","2,6",37,RP1,N
MTS,19/06/19,A07S302520,02/08/07,"3,2","6,6","34,6",RP1,N
MTS,19/06/19,A16F241984,15/02/17,"1,1",1,43,RP1,N
MTL,19/06/19,A19N065125,15/04/19,"0,46",0,1,AP,
MTL,19/06/19,A14F028233,22/04/14,"1,06",6,"99,4",RP1,N
MTL,19/06/19,A18N438420,23/01/19,"1,7","1,4",1,AP,
MTL,19/06/19,A17F000772,15/03/17,"1,1","0,4",40,RP1,N
MTL,19/06/19,A18N138526,22/05/18,"3,2","2,4","3,4",AP,
MTN,19/06/19,A04S260051,08/07/13,"0,06",0,17,RP1,N
MTN,19/06/19,A08F233799,14/10/16,"0,2",2,"3,6",AP,
MTN,19/06/19,A08F356996,19/02/14,"2,86","0,8","14,2",RP1,N
MTN,19/06/19,A15F162481,05/11/15,"1,14","1,6","10,6",RP1,N
MTN,19/06/19,A10F511713,05/06/17,"1,34","0,6",13,RP1,N
MTN,19/06/19,A18N379410,19/12/18,"1,06",0,0,AP,
MTN,19/06/19,A19N077077,18/04/19,"1,32","0,6","0,2",AP,
MTO,19/06/19,A09F313000,24/08/15,"0,3",1,"2,6",AP,
MTO,19/06/19,A08F498680,26/01/09,"0,36","3,4","99,6",RP1,N
MTO,19/06/19,A12F354244,14/03/13,"0,1","2,4",14,RP1,N
MTO,19/06/19,A08F403633,18/08/08,,,,RP1,N
MTO,19/06/19,A12F270460,24/01/13,"6,1","3,4","7,6",RP1,N
MTO,19/06/19,A17F028338,10/06/17,,,,RP1,N
MTS,24/06/19,E16S004980,05/02/19,"0,32","0,4",2,AP,
MTS,24/06/19,B17S015842,11/04/19,"0,48",1,"3,2",AP,
MTS,24/06/19,A18N193104,05/07/18,"0,2","0,4","0,6",AP,
MTS,24/06/19,A18N321895,31/10/18,"0,5","0,4","0,4",AP,
MTS,24/06/19,A18N446775,14/01/19,"0,4",1,"0,4",AP,
MTS,24/06/19,A19N072772,18/04/19,"2,22","2,4","2,4",AP,
MTS,24/06/19,A13F241595,28/02/14,"1,96",3,"55,6",RP1,N
MTS,24/06/19,A19N073525,17/04/19,"0,88","0,2","0,4",AP,
MTS,24/06/19,A07F306440,23/09/16,"1,56",1,34,RP1,N
MTS,24/06/19,A19N051508,14/02/19,"0,38","0,2","0,8",AP,
MTS,24/06/19,A10F204505,04/10/10,"0,36","3,4",99,RP1,N
MTS,24/06/19,A10F097074,14/07/10,"1,46",2,"23,4",RP1,N
MTO,24/06/19,A08F438559,14/10/08,"1,6",1,"66,4",RP1,N
MTO,24/06/19,A17N306385,10/03/18,"0,2",0,9,AP,
MTO,24/06/19,A18N055064,28/05/18,"0,74",1,"2,6",AP,
MTO,24/06/19,A18N055499,01/06/18,"0,84",0,"1,6",AP,
MTS,24/06/19,A08F347966,22/07/08,"1,9","0,4",7,AP,
MTS,24/06/19,A14L158771,01/08/16,"0,76",2,4,AP,
MTS,24/06/19,A17F064992,07/08/17,"0,2","0,4","21,4",RP1,N
MTS,24/06/19,A18N385380,20/12/18,"0,3","1,4",3,AP,
BME,24/06/19,A18N038296,06/04/18,"0,24","0,6","2,4",AP,
BME,24/06/19,A09F246341,27/09/18,"0,44","0,6","52,4",RP1,N
MTS,24/06/19,A15S128330,01/03/19,"1,1",1,"2,6",AP,
BME,24/06/19,A11F047606,12/09/12,"0,2",3,100,RP1,N
BME,24/06/19,A11F049672,25/10/12,"0,1",1,20,RP1,N
MTS,25/06/19,E12L003541,06/09/16,,,,RP1,N
MTN,25/06/19,A08F420473,12/11/18,"0,24",1,"14,6",RP1,N
MTN,25/06/19,A15F262053,28/03/16,"0,76","1,8","99,4",RP1,N
MTN,25/06/19,A03S019373,25/05/11,"2,52","4,2","20,8",RP1,N
MTN,25/06/19,A17N304201,14/03/18,"0,36",,"2,6",AP,
MTN,25/06/19,A18N380296,28/12/18,"4,68","2,8","3,4",AP,
MTO,25/06/19,A06F521312,13/06/11,"1,5","2,4","41,2",RP1,N
MTS,25/06/19,A13F203491,09/01/14,"0,36","1,4",10,AP,
MTS,25/06/19,A17N281409,09/01/18,"1,46",0,"2,6",AP,
MTS,25/06/19,A14F440793,31/12/14,"1,84","0,6","18,8",RP1,N
MTS,25/06/19,A19N102917,04/05/19,"0,96","0,4","0,8",AP,
MTO,25/06/19,A08F214457,02/12/15,"0,6",0,6,AP,
MTO,25/06/19,A06F409867,25/11/16,"1,66",1,100,RP1,N
MTO,25/06/19,A04L198797,21/05/09,"0,46",0,15,RP1,N
MTO,25/06/19,A18N186482,05/12/18,"0,4",0,"4,8",AP,
MTO,25/06/19,A07F295830,17/04/17,"0,4",0,16,RP1,N
MTO,25/06/19,A14F442082,27/03/15,"1,2",0,11,RP1,N
MTO,25/06/19,A09F118352,11/07/17,"1,04","1,2","13,4",RP1,N
MTO,25/06/19,A09F091790,02/06/09,"1,4",2,"49,6",RP1,N
MTS,25/06/19,A18N191261,11/08/18,"1,06","0,4","1,6",AP,
MTS,25/06/19,A10F004575,06/10/16,"1,48","1,4",11,RP1,N
MTS,25/06/19,A17F030316,07/06/17,"0,5",1,"28,6",RP1,N
MTS,25/06/19,A19N117998,14/05/19,"0,94","0,4","0,6",AP,
MTS,25/06/19,A19N074575,02/04/19,"1,3","0,2",2,AP,
MTS,25/06/19,A08F286951,29/07/08,"1,24",1,"5,2",AP,
MTS,25/06/19,A10F061794,17/10/14,"0,36",0,"1,4",AP,
MTS,25/06/19,A13F242562,20/03/14,"0,24","0,8","37,6",RP1,N
MTS,25/06/19,A18N455482,08/03/19,"1,64",2,"2,2",AP,
MTS,25/06/19,A19N048590,08/03/19,"0,18","1,4","0,6",AP,
MTO,25/06/19,A13F238107,06/01/14,"0,3","2,4","19,6",RP1,N
MTO,25/06/19,A18N188977,26/07/18,"0,96","1,2",2,AP,
MTS,25/06/19,A17F094030,19/12/17,"0,06","0,6",7,AP,
MTS,25/06/19,A18N385075,27/12/18,"0,06","1,6","3,4",AP,
MTO,25/06/19,A08F222666,03/10/14,"1,64",3,13,RP1,N
MTS,25/06/19,A18N229082,14/08/18,"0,18",1,"2,4",AP,
MTS,25/06/19,A08F472965,27/02/18,"1,32","1,4",22,RP1,N
MTL,26/06/19,D10S003707,01/06/18,,,,RP1,N
MTL,26/06/19,E12L002773,24/08/15,,,,RP1,N
MTL,26/06/19,C15L005935,17/07/18,,,,RP1,N
MTL,26/06/19,A08F060079,15/05/08,,,,RP1,N
BME,26/06/19,A19N129975,23/05/19,"2,36","1,8","0,8",AP,
MTL,26/06/19,A14F245998,07/10/14,"0,96","0,8","1,6",AP,
BME,26/06/19,A18N028060,18/07/18,"3,64","7,6","2,6",RP1,P
MTL,26/06/19,A05F321192,08/08/16,"0,56","4,4",73,RP1,N
BME,26/06/19,A11F301640,11/09/12,"0,4",3,55,RP1,N
MTO,26/06/19,A18N441789,08/02/19,"0,6","0,8","0,6",AP,
MTO,26/06/19,A11N316973,10/09/11,"0,35","0,5","1,5",AP,
MTO,26/06/19,A07F261283,21/05/16,"1,5","0,8","13,2",RP1,N
MTO,26/06/19,A09F097982,26/05/09,"2,96","4,6","43,4",RP1,N
MTO,26/06/19,A04L446475,19/12/08,"3,26","3,4",74,RP1,N
MTO,26/06/19,A04L313176,03/08/12,"0,56","0,4","0,4",AP,
MTO,26/06/19,A13F272898,23/01/14,"2,04",0,10,AP,
MTO,26/06/19,A19N121882,18/05/19,"1,02","0,6","1,6",AP,
MTO,26/06/19,A12F247612,12/01/15,"0,1","0,6","56,4",RP1,N
MTL,26/06/19,A19N124929,16/05/19,1,"1,4",3,AP,
MTL,26/06/19,A18N287125,06/12/18,"0,06","1,4",1,AP,
MTL,26/06/19,A18N287718,06/12/18,"0,14","0,4",3,AP,
MTL,26/06/19,A18N376734,09/03/19,"0,2","0,8","0,6",AP,
MTL,26/06/19,A07S359544,13/11/17,"0,24","0,8","2,8",AP,
MTL,26/06/19,A13F290619,22/01/14,"1,9",4,"99,4",RP1,N
MTO,26/06/19,A13F268772,01/04/14,"1,36",1,"58,4",RP1,N
MTO,26/06/19,A08F234201,02/06/08,"6,3",0,"8,6",RP1,N
MTO,26/06/19,A06F387693,23/05/16,"0,6",0,"7,6",AP,
MTO,26/06/19,A17F027090,29/05/17,"1,66","0,6",7,AP,
MTO,26/06/19,A19N055667,24/03/19,"1,26","1,8",2,AP,
MTO,26/06/19,A10F021068,06/10/16,"1,86","1,4",3,AP,
MTO,26/06/19,A19N106676,02/05/19,"0,64","0,4","0,6",AP,
MTL,26/06/19,A17F071724,11/09/17,"1,4",0,7,AP,
MTL,26/06/19,A18N378198,06/02/19,"0,6","1,6","2,4",AP,
MTL,26/06/19,A14F073760,13/05/14,"1,42","2,4","41,6",RP1,N
MTL,26/06/19,A08F215621,10/05/17,"0,74",1,6,AP,
MTL,26/06/19,A12F139476,10/08/16,"0,34","1,6","18,4",RP1,N
MTL,26/06/19,A16F147436,16/09/16,"1,4",1,51,RP1,N
MTL,26/06/19,A09F272106,06/10/16,"0,94","0,6",6,AP,
MTL,26/06/19,A07S137531,20/04/18,"1,94",2,"6,6",AP,
MTL,26/06/19,A18N137372,18/07/18,0,"0,4",8,AP,
BME,26/06/19,A08F240376,27/10/16,"1,74","2,6","26,2",RP1,N
BME,26/06/19,A06S518106,20/02/15,"0,1","1,4","3,4",AP,
MTL,27/06/19,E08S003642,20/01/16,"3,28",6,7,RP1,N
MTS,27/06/19,A08F475724,20/06/18,"0,46","0,4","5,6",AP,
MTS,27/06/19,A07S641760,21/11/16,"0,86","0,6",1,AP,
MTS,27/06/19,A18N455533,07/02/19,"1,44","0,4",0,AP,
MTS,27/06/19,A17N309782,13/03/18,"0,16",1,1,AP,
MTS,27/06/19,A19N051059,12/02/19,"1,3","0,6",0,AP,
MTS,27/06/19,A18N192732,05/07/18,"0,54","1,4","4,6",AP,
MTL,27/06/19,A18N286073,11/10/18,"0,26","2,6","7,4",AP,
MTL,27/06/19,A16F261478,01/02/17,"0,14",2,"51,6",RP1,N
MTL,27/06/19,A17N313695,02/04/18,"0,12",0,2,AP,
MTL,27/06/19,A18N176242,20/11/18,"0,3",1,10,AP,
MTL,27/06/19,A12F350971,26/07/13,"0,44","0,4",9,AP,
MTL,27/06/19,A19N062123,19/02/19,"0,74",1,2,AP,
MTL,27/06/19,A13F261761,31/01/14,,,,RP1,N
MTO,27/06/19,A11F197369,26/08/13,"0,14","2,6",29,RP1,N
MTO,27/06/19,A01S684866,15/10/08,"4,94",6,"18,2",RP2,N
MTO,27/06/19,A16F132762,17/08/16,100,100,100,RP3,N
MTO,27/06/19,A13F219662,21/11/13,"0,5","1,6",18,RP1,N
MTN,27/06/19,A07S267785,02/02/13,"1,02","0,6","2,6",AP,
MTN,27/06/19,A19N077833,24/04/19,"0,16","0,6",0,AP,
MTN,27/06/19,A15F021233,30/04/15,"1,06","2,4",100,RP1,N
MTN,27/06/19,A06S703238,29/08/13,"1,42","0,8","7,6",AP,
MTO,27/06/19,A18N186771,06/12/18,"0,06","0,8",2,AP,
MTO,27/06/19,A15F125228,17/06/15,"5,8","3,6",14,RP2,N
MTO,27/06/19,A14F404299,26/11/14,1,1,19,RP1,N
MTO,27/06/19,A17N306279,20/02/18,"0,3",1,"6,4",AP,
MTO,27/06/19,A04S065704,07/11/11,"5,4",4,"4,4",RP1,N
MTO,27/06/19,A19N075783,10/04/19,"0,1","1,6",0,AP,
MTL,28/06/19,A06F269846,06/12/16,2,0,29,RP1,N
MTL,28/06/19,E08S003767,18/10/17,"0,12","1,2",1,AP,
MTL,28/06/19,D09S004437,10/05/16,"0,46","4,8","2,2",AP,
MTL,28/06/19,C09S012762,11/08/18,"1,42","3,6","3,2",AP,
MTL,28/06/19,F07L000542,28/06/16,,,,RP1,N
MTL,28/06/19,E04S002041,19/10/12,,,,RP1,N
MTN,28/06/19,A18N379171,18/12/18,"1,2",0,"0,8",AP,
MTN,28/06/19,A19N108142,30/04/19,"0,56","0,44","0,6",AP,
MTN,28/06/19,A18N450180,14/02/19,"0,66","0,2","1,6",AP,
MTN,28/06/19,A18N451352,08/02/19,"0,12","1,2",1,AP,
MTN,28/06/19,A14F405093,30/12/14,"1,42","1,8","39,4",RP1,N
MTN,28/06/19,A18N449561,25/02/19,"0,2","1,2","0,6",AP,
MTN,28/06/19,A19N107630,26/04/19,"0,64","0,6","4,2",AP,
MTN,28/06/19,A02L530180,21/08/09,"6,86","7,4","28,2",RP3,N
MTL,28/06/19,A18N438036,11/02/19,"0,1","1,4","5,4",AP,
MTL,28/06/19,A09F177146,13/08/09,"1,08","2,4",42,RP1,N
MTL,28/06/19,A19N079061,20/03/19,"0,06","1,2","0,8",AP,
MTL,28/06/19,A18N181667,18/08/18,"0,54",1,"3,2",AP,
MTL,28/06/19,A10F507478,15/07/11,,,,RP1,N
MTS,28/06/19,A08F501270,14/12/17,"0,84","0,8","3,6",AP,
MTS,28/06/19,A14F376940,27/10/14,"0,12","0,8","19,2",RP1,N
MTS,28/06/19,A14F289269,19/08/14,"2,1","1,2","25,8",RP1,N
MTS,28/06/19,A10F060111,15/10/14,"0,14","1,4","24,8",RP1,N
MTS,28/06/19,A14F403582,05/12/14,"1,2",1,14,RP1,N
MTS,28/06/19,A09F116157,21/06/18,"0,06","0,4","20,6",RP1,N
MTS,28/06/19,A08F222737,22/06/17,"2,06","0,8",1,AP,
MTS,28/06/19,A18N228798,21/08/18,"0,54","0,6",6,AP,
MTS,28/06/19,A14F377097,27/10/14,"1,3","1,4","44,6",RP1,N
MTS,28/06/19,A18F276345,23/02/17,"0,28",0,"3,2",AP,
MTO,28/06/19,A09F250918,09/11/09,1,"0,4","17,6",RP1,N
MTO,28/06/19,A18N188253,18/12/18,"0,84",0,0,AP,
MTO,28/06/19,A12F142828,27/06/12,"1,14","1,6",11,RP1,N
MTO,28/06/19,A09F274492,21/12/16,"1,34",0,"6,6",AP,
MTO,28/06/19,A18N187887,05/11/18,"0,48","0,6","0,6",AP,
MTN,28/06/19,A18N450509,11/02/19,"1,1","1,6",1,AP,
MTN,28/06/19,A18N449456,11/02/19,"1,14","1,2","1,4",AP,
MTN,28/06/19,A18N439061,28/01/19,"2,14",2,2,AP,
