IDHidrometro,hid_imo_cod_inscricao,CVProcessado,QtdMedicoes,QtdOcorrencias,hid_imo_qtd_pontos_utilizacao,variacaoTendencia,vidaHidrometro,vidaInstalacao,predicao,proba_0,ESM_SEQ_ESPECIFICACAO_MEDIDOR,MED_NUM_VOLUME_CALCULADO,MED_NUM_VOLUME_MEDIDO,imo_bsk_imovel,geo_set_num_setor,geo_lge_dsc_localidade_prax,geo_lge_dsc_distrito_prax,geo_lge_dsc_municipio_prax,geo_uad_sgl_unidade_negocio,pim_dsc_padrao_imovel,sii_nom_situacao_imovel,sla_nom_situacao_lig_agua,provavel_mudanca,PROBA,EXISTE
A01S688149,56158360,0.3519324,26,0,5,-0.13333334,18,11,0,716,11,10.0,10.0,56158360,13,CAUCAIA,CAUCAIA,CAUCAIA,UN-MTN,BASICO,EM USO,1,1,"0,716",
A01S597222,57011214,0.13804723,26,1,4,0.12295082,18,11,0,697,11,17.0,17.0,57011214,13,CAUCAIA,CAUCAIA,CAUCAIA,UN-MTN,BASICO,EM USO,1,1,"0,697",
A10F518646,56191618,0.5144417,13,1,17,-0.56198347,9,8,0,693,11,10.0,10.0,56191618,13,CAUCAIA,CAUCAIA,CAUCAIA,UN-MTN,REGULAR,EM USO,1,1,"0,693",
A10F546948,56549911,0.51436365,13,0,12,-0.63874346,9,8,0,"0,6904",11,20.0,20.0,56549911,13,CAUCAIA,CAUCAIA,CAUCAIA,UN-MTN,BASICO,EM USO,1,1,"0,6904",
A01S064138,56088230,0.20793699,26,0,4,0.43939394,18,11,0,"0,6895",11,10.0,10.0,56088230,13,CAUCAIA,CAUCAIA,CAUCAIA,UN-MTN,REGULAR,EM USO,1,1,"0,6895",
A03S319659,56226730,0.13944852,26,0,5,0.19402985,16,10,0,689,11,10.0,10.0,56226730,13,CAUCAIA,CAUCAIA,CAUCAIA,UN-MTN,REGULAR,EM USO,1,1,"0,689",
A01S687742,56172800,0.18157092,26,0,4,0.19259259,18,11,0,685,11,20.0,20.0,56172800,13,CAUCAIA,CAUCAIA,CAUCAIA,UN-MTN,BASICO,EM USO,1,1,"0,685",
A10F205140,56524790,0.11919178,13,0,3,0.2238806,9,9,0,684,11,9.0,9.0,56524790,13,CAUCAIA,CAUCAIA,CAUCAIA,UN-MTN,REGULAR,EM USO,1,1,"0,684",
A04L199930,56216335,0.14344382,26,0,3,-0.16455697,15,11,0,682,11,9.0,9.0,56216335,13,CAUCAIA,CAUCAIA,CAUCAIA,UN-MTN,REGULAR,EM USO,1,1,"0,682",
A04L626209,56169868,0.18445064,13,0,4,0.26785713,15,10,0,"0,6797",11,9.0,9.0,56169868,13,CAUCAIA,CAUCAIA,CAUCAIA,UN-MTN,BASICO,EM USO,1,1,"0,6797",
A04S159086,56275536,0.15022182,26,0,8,-0.036697246,15,11,0,"0,6787",11,13.0,13.0,56275536,13,CAUCAIA,CAUCAIA,CAUCAIA,UN-MTN,BASICO,EM USO,1,1,"0,6787",
A06F417922,56167520,0.49521926,13,0,10,-0.3188406,13,9,0,677,11,9.0,9.0,56167520,13,CAUCAIA,CAUCAIA,CAUCAIA,UN-MTN,REGULAR,EM USO,1,1,"0,677",
A10F012977,56514816,0.12048391,13,0,3,0.21259843,9,9,0,677,11,19.0,19.0,56514816,13,CAUCAIA,CAUCAIA,CAUCAIA,UN-MTN,REGULAR,EM USO,1,1,"0,677",
A10F552675,56552386,0.29398856,13,0,6,0.3218391,9,8,0,677,11,13.0,13.0,56552386,13,CAUCAIA,CAUCAIA,CAUCAIA,UN-MTN,BASICO,EM USO,1,1,"0,677",
A10F205154,56525095,0.3171144,13,0,7,0.21212122,9,9,0,"0,6733",11,10.0,10.0,56525095,13,CAUCAIA,CAUCAIA,CAUCAIA,UN-MTN,REGULAR,EM USO,1,1,"0,6733",
A07S206442,55954073,0.70319664,13,2,10,6.0,12,11,0,671,11,10.0,10.0,55954073,13,CAUCAIA,CAUCAIA,CAUCAIA,UN-MTN,MEDIO,EM USO,1,1,"0,671",
A10F543080,56569750,0.1031418,13,0,10,-0.048611112,9,8,0,671,11,18.0,18.0,56569750,13,CAUCAIA,CAUCAIA,CAUCAIA,UN-MTN,REGULAR,EM USO,1,1,"0,671",
A08F401768,56474440,0.40617874,13,0,10,0.12820514,11,11,0,"0,6685",11,10.0,10.0,56474440,13,CAUCAIA,CAUCAIA,CAUCAIA,UN-MTN,REGULAR,EM USO,1,1,"0,6685",
A10F180065,56175701,0.17658034,13,0,4,0.44210526,9,9,0,667,11,15.0,15.0,56175701,13,CAUCAIA,CAUCAIA,CAUCAIA,UN-MTN,BASICO,EM USO,1,1,"0,667",
A10F220866,57035032,0.16473463,13,0,3,0.20869565,9,9,0,"0,6665",11,15.0,15.0,57035032,13,CAUCAIA,CAUCAIA,CAUCAIA,UN-MTN,REGULAR,EM USO,1,1,"0,6665",
A06S809756,56128568,0.2666493,13,0,5,0.2846154,13,8,0,663,11,19.0,19.0,56128568,13,CAUCAIA,CAUCAIA,CAUCAIA,UN-MTN,REGULAR,EM USO,1,1,"0,663",
A06F444462,56216947,0.1797823,13,0,3,0.2173913,13,8,0,"0,6597",11,17.0,17.0,56216947,13,CAUCAIA,CAUCAIA,CAUCAIA,UN-MTN,REGULAR,EM USO,1,1,"0,6597",
A09F175647,56359446,0.33579254,13,0,13,-0.18,10,10,0,"0,6597",11,19.0,19.0,56359446,13,CAUCAIA,CAUCAIA,CAUCAIA,UN-MTN,REGULAR,EM USO,1,1,"0,6597",
A10F553851,56573235,0.40628153,13,0,3,0.2,9,8,0,"0,6597",11,9.0,9.0,56573235,13,CAUCAIA,CAUCAIA,CAUCAIA,UN-MTN,BASICO,EM USO,1,1,"0,6597",
A08F353474,55966411,0.18130629,13,0,6,0.29166666,11,11,0,656,11,17.0,17.0,55966411,13,CAUCAIA,CAUCAIA,CAUCAIA,UN-MTN,BASICO,EM USO,1,1,"0,656",
A05F100091,56000782,0.17685285,13,0,4,0.1875,14,11,0,"0,6553",11,9.0,9.0,56000782,13,CAUCAIA,CAUCAIA,CAUCAIA,UN-MTN,BASICO,EM USO,1,1,"0,6553",
A10F560609,56552300,0.11082806,13,0,3,0.08695652,9,8,0,"0,6553",11,9.0,9.0,56552300,13,CAUCAIA,CAUCAIA,CAUCAIA,UN-MTN,REGULAR,EM USO,1,1,"0,6553",
A07S209358,55964699,0.38077664,13,0,7,-0.49565217,12,12,0,654,11,9.0,9.0,55964699,13,CAUCAIA,CAUCAIA,CAUCAIA,UN-MTN,REGULAR,EM USO,1,1,"0,654",
A10F560572,56237774,0.22944418,13,0,6,0.4716981,9,8,0,654,11,9.0,9.0,56237774,13,CAUCAIA,CAUCAIA,CAUCAIA,UN-MTN,REGULAR,EM USO,1,1,"0,654",
A09F300634,57002150,0.10670248,26,0,8,0.07746479,10,7,0,"0,6533",11,19.0,19.0,57002150,13,CAUCAIA,CAUCAIA,CAUCAIA,UN-MTN,REGULAR,EM USO,1,1,"0,6533",
A07S304898,56274394,0.23390982,13,0,7,0.30882353,12,9,0,"0,6523",11,10.0,10.0,56274394,13,CAUCAIA,CAUCAIA,CAUCAIA,UN-MTN,REGULAR,EM USO,1,1,"0,6523",
A09F267495,56170483,0.31826076,13,1,4,0.5185185,10,7,0,652,11,13.0,13.0,56170483,13,CAUCAIA,CAUCAIA,CAUCAIA,UN-MTN,REGULAR,EM USO,1,1,"0,652",
A04S016181,56277679,0.114542365,13,0,4,0.12987013,15,9,0,"0,6514",11,10.0,10.0,56277679,13,CAUCAIA,CAUCAIA,CAUCAIA,UN-MTN,BASICO,EM USO,1,1,"0,6514",
A10F041215,56279744,0.089542575,13,0,8,-0.025641026,9,9,0,651,11,15.0,15.0,56279744,13,CAUCAIA,CAUCAIA,CAUCAIA,UN-MTN,MEDIO,EM USO,1,1,"0,651",
A10F558409,56287011,0.11432829,13,0,4,-0.06481481,9,8,0,651,11,14.0,14.0,56287011,13,CAUCAIA,CAUCAIA,CAUCAIA,UN-MTN,REGULAR,EM USO,1,1,"0,651",
A04L311785,56222513,0.14586894,13,0,5,0.11111111,15,10,0,"0,6504",11,9.0,9.0,56222513,13,CAUCAIA,CAUCAIA,CAUCAIA,UN-MTN,REGULAR,EM USO,1,1,"0,6504",
A06F293869,56345283,0.12196599,13,0,5,0.22857143,13,7,0,"0,65",11,10.0,10.0,56345283,13,CAUCAIA,CAUCAIA,CAUCAIA,UN-MTN,MEDIO,EM USO,1,1,"0,65",
A07F308678,56216416,0.1600636,13,0,5,0.13235295,12,10,0,"0,65",11,9.0,9.0,56216416,13,CAUCAIA,CAUCAIA,CAUCAIA,UN-MTN,REGULAR,EM USO,1,1,"0,65",
A10F044660,56356110,0.3124025,13,0,6,-0.3956044,9,9,0,"0,65",11,10.0,10.0,56356110,13,CAUCAIA,CAUCAIA,CAUCAIA,UN-MTN,ALTO,EM USO,1,1,"0,65",
A11N329620,56276281,0.5115336,13,0,5,0.4032258,8,8,0,649,11,9.0,9.0,56276281,13,CAUCAIA,CAUCAIA,CAUCAIA,UN-MTN,MEDIO,EM USO,1,1,"0,649",
A06F428525,56224885,0.20060626,13,0,4,0.4698795,13,8,0,648,11,13.0,13.0,56224885,13,CAUCAIA,CAUCAIA,CAUCAIA,UN-MTN,REGULAR,EM USO,1,1,"0,648",
A08F510356,56460090,0.11432829,13,0,7,-0.041666668,11,11,0,648,11,9.0,9.0,56460090,13,CAUCAIA,CAUCAIA,CAUCAIA,UN-MTN,REGULAR,EM USO,1,1,"0,648",
A10F149496,56516274,0.26067194,13,0,15,-0.16049382,9,9,0,"0,6475",11,9.0,9.0,56516274,13,CAUCAIA,CAUCAIA,CAUCAIA,UN-MTN,ALTO,EM USO,1,1,"0,6475",
A05F122689,56223633,0.36754122,13,6,4,-0.012658228,14,11,0,647,11,10.0,10.0,56223633,13,CAUCAIA,CAUCAIA,CAUCAIA,UN-MTN,REGULAR,EM USO,1,1,"0,647",
A08F071208,56272030,0.111517824,13,0,4,0.10309278,11,11,0,647,11,13.0,13.0,56272030,13,CAUCAIA,CAUCAIA,CAUCAIA,UN-MTN,BASICO,EM USO,1,1,"0,647",
A10F129855,56272073,0.122857004,13,0,3,0.08695652,9,7,0,647,11,9.0,9.0,56272073,13,CAUCAIA,CAUCAIA,CAUCAIA,UN-MTN,REGULAR,EM USO,1,1,"0,647",
A10F175916,57010838,0.19928381,13,0,4,-0.08219178,9,9,0,647,11,10.0,10.0,57010838,13,CAUCAIA,CAUCAIA,CAUCAIA,UN-MTN,REGULAR,EM USO,1,1,"0,647",
A10F002222,56221320,0.09824782,13,0,5,-0.037383176,9,9,0,"0,6465",11,13.0,13.0,56221320,13,CAUCAIA,CAUCAIA,CAUCAIA,UN-MTN,BASICO,EM USO,1,1,"0,6465",
A06F266132,56115490,0.14191684,13,0,3,-0.048076924,13,11,0,646,11,13.0,13.0,56115490,13,CAUCAIA,CAUCAIA,CAUCAIA,UN-MTN,REGULAR,EM USO,1,1,"0,646",
A08F225611,55953662,0.15951754,13,0,10,-0.02238806,11,11,0,644,11,17.0,17.0,55953662,13,CAUCAIA,CAUCAIA,CAUCAIA,UN-MTN,MEDIO,EM USO,1,1,"0,644",
A12F345862,56052723,0.5300865,13,0,2,0.3857143,7,7,0,644,11,10.0,10.0,56052723,13,CAUCAIA,CAUCAIA,CAUCAIA,UN-MTN,BASICO,EM USO,1,1,"0,644",
A04L457631,56212399,0.1255521,13,0,3,0.036697246,15,11,0,"0,6436",11,14.0,14.0,56212399,13,CAUCAIA,CAUCAIA,CAUCAIA,UN-MTN,BASICO,EM USO,1,1,"0,6436",
A12F094699,56172818,0.17872488,13,0,8,-0.13095239,7,6,0,"0,6436",11,10.0,10.0,56172818,13,CAUCAIA,CAUCAIA,CAUCAIA,UN-MTN,REGULAR,EM USO,1,1,"0,6436",
A00N320741,56116632,0.15201844,13,0,6,0.2923077,19,11,0,"0,6426",11,10.0,10.0,56116632,13,CAUCAIA,CAUCAIA,CAUCAIA,UN-MTN,ALTO,EM USO,1,1,"0,6426",
A12F284376,56599935,0.47692424,13,0,10,125,7,6,0,"0,6426",11,14.0,14.0,56599935,13,CAUCAIA,CAUCAIA,CAUCAIA,UN-MTN,REGULAR,EM USO,1,1,"0,6426",
A04L725577,56155727,0.15448952,13,0,2,-0.04819277,15,11,0,642,11,10.0,10.0,56155727,13,CAUCAIA,CAUCAIA,CAUCAIA,UN-MTN,REGULAR,EM USO,1,1,"0,642",
A05F127977,56197748,0.20751867,13,0,4,-0.065789476,14,11,0,642,11,10.0,10.0,56197748,13,CAUCAIA,CAUCAIA,CAUCAIA,UN-MTN,REGULAR,EM USO,1,1,"0,642",
A11F181102,55954111,0.18616526,13,0,5,-0.17073171,8,7,0,642,11,9.0,9.0,55954111,13,CAUCAIA,CAUCAIA,CAUCAIA,UN-MTN,REGULAR,EM USO,1,1,"0,642",
A05L143036,57011168,0.076544255,13,0,5,-0.0125,14,11,0,"0,6416",11,10.0,10.0,57011168,13,CAUCAIA,CAUCAIA,CAUCAIA,UN-MTN,REGULAR,EM USO,1,1,"0,6416",
A08F354264,56199341,0.5000619,13,0,7,-0.6632653,11,11,0,"0,6416",11,10.0,10.0,56199341,13,CAUCAIA,CAUCAIA,CAUCAIA,UN-MTN,REGULAR,EM USO,1,1,"0,6416",
A10F134620,56217412,0.12945805,13,0,3,-0.057142857,9,9,0,641,11,13.0,13.0,56217412,13,CAUCAIA,CAUCAIA,CAUCAIA,UN-MTN,BASICO,EM USO,1,1,"0,641",
A10F245984,56116063,0.1477685,13,0,6,-125,9,7,0,641,11,10.0,10.0,56116063,13,CAUCAIA,CAUCAIA,CAUCAIA,UN-MTN,REGULAR,EM USO,1,1,"0,641",
A10F225972,56171285,0.138346,13,0,3,0.15151516,9,9,0,641,11,9.0,9.0,56171285,13,CAUCAIA,CAUCAIA,CAUCAIA,UN-MTN,REGULAR,EM USO,1,1,"0,641",
A11N244032,56051786,0.16230045,13,0,4,-225,8,7,0,641,11,9.0,9.0,56051786,13,CAUCAIA,CAUCAIA,CAUCAIA,UN-MTN,BASICO,EM USO,1,1,"0,641",
A07S356349,56169582,0.13815975,13,0,3,0.11029412,12,8,0,"0,6406",11,18.0,18.0,56169582,13,CAUCAIA,CAUCAIA,CAUCAIA,UN-MTN,BASICO,EM USO,1,1,"0,6406",
A09F044176,56128800,0.13715698,13,0,3,0.3043478,10,10,0,"0,6406",11,10.0,10.0,56128800,13,CAUCAIA,CAUCAIA,CAUCAIA,UN-MTN,BASICO,EM USO,1,1,"0,6406",
A09F185011,56197373,0.36585522,13,0,8,0.046875,10,10,0,"0,6406",11,10.0,10.0,56197373,13,CAUCAIA,CAUCAIA,CAUCAIA,UN-MTN,REGULAR,EM USO,1,1,"0,6406",
A11N319860,56279833,0.25952417,13,0,7,-0.24731183,8,8,0,"0,6406",11,10.0,10.0,56279833,13,CAUCAIA,CAUCAIA,CAUCAIA,UN-MTN,MEDIO,EM USO,1,1,"0,6406",
A04S158066,56158408,0.16505158,13,0,6,0.12857144,15,9,0,"0,6396",11,9.0,9.0,56158408,13,CAUCAIA,CAUCAIA,CAUCAIA,UN-MTN,REGULAR,EM USO,1,1,"0,6396",
A08F465859,56278640,0.07303921,13,0,68,0.06,11,11,0,"0,6396",11,45.0,45.0,56278640,13,CAUCAIA,CAUCAIA,CAUCAIA,UN-MTN,ALTO,EM USO,1,1,"0,6396",
A09F247662,56115830,0.098861836,13,0,4,-0.09589041,10,10,0,"0,6396",11,18.0,18.0,56115830,13,CAUCAIA,CAUCAIA,CAUCAIA,UN-MTN,BASICO,EM USO,1,1,"0,6396",
A09F192559,56475713,0.15824826,13,0,3,0.38235295,10,10,0,639,11,14.0,14.0,56475713,13,CAUCAIA,CAUCAIA,CAUCAIA,UN-MTN,BASICO,EM USO,1,1,"0,639",
A10F554878,56239750,0.17515804,13,0,6,-0.20689656,9,8,0,639,11,10.0,10.0,56239750,13,CAUCAIA,CAUCAIA,CAUCAIA,UN-MTN,REGULAR,EM USO,1,1,"0,639",
A11F219794,56222033,0.091905236,13,1,3,-0.04819277,8,7,0,639,11,10.0,10.0,56222033,13,CAUCAIA,CAUCAIA,CAUCAIA,UN-MTN,BASICO,EM USO,1,1,"0,639",
A05F124408,56272278,0.14960922,13,0,3,0.015384615,14,9,0,638,11,9.0,9.0,56272278,13,CAUCAIA,CAUCAIA,CAUCAIA,UN-MTN,BASICO,EM USO,1,1,"0,638",
A04S320234,56184697,0.10142285,13,0,6,-0.025641026,15,11,0,638,11,10.0,10.0,56184697,13,CAUCAIA,CAUCAIA,CAUCAIA,UN-MTN,BASICO,EM USO,1,1,"0,638",
A10F168203,56533675,0.18138698,13,0,6,-0.119266056,9,9,0,638,11,14.0,14.0,56533675,13,CAUCAIA,CAUCAIA,CAUCAIA,UN-MTN,REGULAR,EM USO,1,1,"0,638",
A08F352170,56128959,0.26938784,13,0,3,0.484375,11,8,0,"0,6377",11,9.0,9.0,56128959,13,CAUCAIA,CAUCAIA,CAUCAIA,UN-MTN,REGULAR,EM USO,1,1,"0,6377",
A10F055384,56197705,0.1483468,13,0,4,0.014705882,9,6,0,"0,6377",11,9.0,9.0,56197705,13,CAUCAIA,CAUCAIA,CAUCAIA,UN-MTN,BASICO,EM USO,1,1,"0,6377",
A10F086796,56053045,0.09045073,13,0,5,0.013157895,9,8,0,"0,6377",11,9.0,9.0,56053045,13,CAUCAIA,CAUCAIA,CAUCAIA,UN-MTN,REGULAR,EM USO,1,1,"0,6377",
A07F305900,56220120,0.3079456,13,0,4,0.7096774,12,11,0,637,11,13.0,13.0,56220120,13,CAUCAIA,CAUCAIA,CAUCAIA,UN-MTN,BASICO,EM USO,1,1,"0,637",
A04L539545,56276303,0.18284144,13,0,3,0.16666667,15,10,0,"0,6367",11,13.0,13.0,56276303,13,CAUCAIA,CAUCAIA,CAUCAIA,UN-MTN,REGULAR,EM USO,1,1,"0,6367",
A10F517225,56204701,0.19986221,13,0,4,-0.10638298,9,8,0,"0,6367",11,10.0,10.0,56204701,13,CAUCAIA,CAUCAIA,CAUCAIA,UN-MTN,BASICO,EM USO,1,1,"0,6367",
A12F095107,56590954,0.4529612,13,1,5,1.2368422,7,6,0,"0,6367",11,9.0,9.0,56590954,13,CAUCAIA,CAUCAIA,CAUCAIA,UN-MTN,REGULAR,EM USO,1,1,"0,6367",
A06F268243,56224117,0.2110643,13,0,5,-0.03960396,13,11,0,636,11,13.0,13.0,56224117,13,CAUCAIA,CAUCAIA,CAUCAIA,UN-MTN,REGULAR,EM USO,1,1,"0,636",
A09F278832,55966284,0.17068811,13,0,6,-0.11875,10,6,0,636,11,20.0,20.0,55966284,13,CAUCAIA,CAUCAIA,CAUCAIA,UN-MTN,BASICO,EM USO,1,1,"0,636",
A05F105066,56198132,0.1843425,13,0,4,-0.20967741,14,11,0,"0,6353",11,13.0,13.0,56198132,13,CAUCAIA,CAUCAIA,CAUCAIA,UN-MTN,REGULAR,EM USO,1,1,"0,6353",
A04S123732,56173091,0.091905236,13,0,4,-0.07317073,15,11,0,635,11,10.0,10.0,56173091,13,CAUCAIA,CAUCAIA,CAUCAIA,UN-MTN,REGULAR,EM USO,1,1,"0,635",
A06F402245,56043821,0.17963548,13,0,3,0.08219178,13,11,0,635,11,9.0,9.0,56043821,13,CAUCAIA,CAUCAIA,CAUCAIA,UN-MTN,BASICO,EM USO,1,1,"0,635",
A02S754806,56167172,0.14212038,13,0,2,0.26086956,17,11,0,"0,6343",11,10.0,9.0,56167172,13,CAUCAIA,CAUCAIA,CAUCAIA,UN-MTN,REGULAR,EM USO,1,1,"0,6343",
A04L274281,56117035,0.15293872,13,0,6,-0.17283951,15,11,0,634,11,18.0,18.0,56117035,13,CAUCAIA,CAUCAIA,CAUCAIA,UN-MTN,BASICO,EM USO,1,1,"0,634",
A04S262638,56184115,0.12711526,13,0,4,0.09589041,15,8,0,634,11,9.0,9.0,56184115,13,CAUCAIA,CAUCAIA,CAUCAIA,UN-MTN,BASICO,EM USO,1,1,"0,634",
A08F352508,56219121,0.116299465,13,0,4,0.07575758,11,11,0,634,11,9.0,9.0,56219121,13,CAUCAIA,CAUCAIA,CAUCAIA,UN-MTN,BASICO,EM USO,1,1,"0,634",
A11F313221,55953158,0.12643456,13,0,6,-0.06097561,8,7,0,634,11,10.0,10.0,55953158,13,CAUCAIA,CAUCAIA,CAUCAIA,UN-MTN,BASICO,EM USO,1,1,"0,634",
A12F032749,56616724,0.14757104,13,0,8,-0.054945055,7,7,0,634,11,10.0,10.0,56616724,13,CAUCAIA,CAUCAIA,CAUCAIA,UN-MTN,BASICO,EM USO,1,1,"0,634",
A12F094370,56619014,0.12903437,13,0,4,-0.16049382,7,7,0,634,11,9.0,9.0,56619014,13,CAUCAIA,CAUCAIA,CAUCAIA,UN-MTN,REGULAR,EM USO,1,1,"0,634",
A05F066534,56112939,0.13348779,13,0,6,8,14,11,0,"0,6333",11,15.0,15.0,56112939,13,CAUCAIA,CAUCAIA,CAUCAIA,UN-MTN,REGULAR,EM USO,1,1,"0,6333",
A12F285182,56190697,0.19770207,13,0,4,0.43678162,7,6,0,"0,6333",11,15.0,15.0,56190697,13,CAUCAIA,CAUCAIA,CAUCAIA,UN-MTN,BASICO,EM USO,1,1,"0,6333",
A03S023552,56190387,0.21434681,13,0,5,0.3472222,16,9,0,633,11,10.0,10.0,56190387,13,CAUCAIA,CAUCAIA,CAUCAIA,UN-MTN,REGULAR,EM USO,1,1,"0,633",
A04S068027,56354738,0.23642959,13,3,4,0.46875,15,8,0,633,11,9.0,9.0,56354738,13,CAUCAIA,CAUCAIA,CAUCAIA,UN-MTN,BASICO,EM USO,1,1,"0,633",
A07S040878,56115750,0.114542365,13,0,6,0.12820514,12,8,0,633,11,10.0,10.0,56115750,13,CAUCAIA,CAUCAIA,CAUCAIA,UN-MTN,REGULAR,EM USO,1,1,"0,633",
A08F353937,56117000,0.094645314,13,0,5,-0.07258064,11,11,0,633,11,15.0,15.0,56117000,13,CAUCAIA,CAUCAIA,CAUCAIA,UN-MTN,REGULAR,EM USO,1,1,"0,633",
A10F556129,56541023,0.111909166,13,0,1,-0.15652174,9,8,0,633,11,13.0,13.0,56541023,13,CAUCAIA,CAUCAIA,CAUCAIA,UN-MTN,REGULAR,EM USO,1,1,"0,633",
A08F352450,56170157,0.3282329,13,0,7,0.6764706,11,11,0,"0,6323",11,14.0,14.0,56170157,13,CAUCAIA,CAUCAIA,CAUCAIA,UN-MTN,BASICO,EM USO,1,1,"0,6323",
A08F466534,56286821,0.14594701,13,0,12,-0.21374045,11,11,0,"0,6323",11,15.0,15.0,56286821,13,CAUCAIA,CAUCAIA,CAUCAIA,UN-MTN,ALTO,EM USO,1,1,"0,6323",
A09F171272,56117361,0.17816316,13,0,5,0.1375,10,8,0,"0,6323",11,10.0,10.0,56117361,13,CAUCAIA,CAUCAIA,CAUCAIA,UN-MTN,MEDIO,EM USO,1,1,"0,6323",
A12F095069,56171277,0.16471684,13,0,11,0.40677965,7,6,0,"0,6323",11,18.0,18.0,56171277,13,CAUCAIA,CAUCAIA,CAUCAIA,UN-MTN,REGULAR,EM USO,1,1,"0,6323",
A04S322825,56158971,0.14705487,13,0,4,0.14285715,15,8,0,"0,6313",11,9.0,9.0,56158971,13,CAUCAIA,CAUCAIA,CAUCAIA,UN-MTN,BASICO,EM USO,1,1,"0,6313",
A08F231799,56167512,0.13271786,13,0,3,-0.06410257,11,9,0,"0,6313",11,10.0,10.0,56167512,13,CAUCAIA,CAUCAIA,CAUCAIA,UN-MTN,BASICO,EM USO,1,1,"0,6313",
A10F252630,56547110,0.22388656,13,0,14,-0.265625,9,9,0,"0,6313",11,13.0,13.0,56547110,13,CAUCAIA,CAUCAIA,CAUCAIA,UN-MTN,MEDIO,EM USO,1,1,"0,6313",
A12F094971,56169280,0.4465863,13,1,4,1.1791044,7,6,0,"0,6313",11,10.0,10.0,56169280,13,CAUCAIA,CAUCAIA,CAUCAIA,UN-MTN,REGULAR,EM USO,1,1,"0,6313",
A04L390523,56188439,0.17588055,13,0,3,-0.15189873,15,10,0,631,11,10.0,10.0,56188439,13,CAUCAIA,CAUCAIA,CAUCAIA,UN-MTN,BASICO,EM USO,1,1,"0,631",
A04S050257,55953808,0.11848289,13,0,7,-0.114503816,15,11,0,631,11,15.0,15.0,55953808,13,CAUCAIA,CAUCAIA,CAUCAIA,UN-MTN,MEDIO,EM USO,1,1,"0,631",
A08F359506,56220324,0.23288828,13,0,4,0.36764705,11,11,0,631,11,10.0,10.0,56220324,13,CAUCAIA,CAUCAIA,CAUCAIA,UN-MTN,REGULAR,EM USO,1,1,"0,631",
A09F027130,56459980,0.111184135,13,0,3,-0.025477707,10,10,0,631,11,20.0,20.0,56459980,13,CAUCAIA,CAUCAIA,CAUCAIA,UN-MTN,REGULAR,EM USO,1,1,"0,631",
A11F219789,56053150,0.1609621,13,0,3,-0.09859155,8,7,0,631,11,9.0,9.0,56053150,13,CAUCAIA,CAUCAIA,CAUCAIA,UN-MTN,BASICO,EM USO,1,1,"0,631",
A08F354193,56158840,0.09757029,13,0,3,-0.07751938,11,11,0,"0,63",11,15.0,15.0,56158840,13,CAUCAIA,CAUCAIA,CAUCAIA,UN-MTN,BASICO,EM USO,1,1,"0,63",
A10F091953,56170955,0.20347914,13,0,3,-0.32258064,9,7,0,"0,63",11,10.0,10.0,56170955,13,CAUCAIA,CAUCAIA,CAUCAIA,UN-MTN,BASICO,EM USO,1,1,"0,63",
A10F179775,56217099,0.19854797,13,0,3,-0.1,9,9,0,"0,63",11,9.0,9.0,56217099,13,CAUCAIA,CAUCAIA,CAUCAIA,UN-MTN,REGULAR,EM USO,1,1,"0,63",
A10F252590,56548796,0.17200524,13,0,6,0.082474224,9,9,0,"0,63",11,13.0,13.0,56548796,13,CAUCAIA,CAUCAIA,CAUCAIA,UN-MTN,REGULAR,EM USO,1,1,"0,63",
A11F219698,57002126,0.21040635,26,0,3,-0.069767445,8,7,0,"0,63",11,17.0,17.0,57002126,13,CAUCAIA,CAUCAIA,CAUCAIA,UN-MTN,REGULAR,EM USO,1,1,"0,63",
A04L313506,56239734,0.10298273,13,0,5,0.093333334,15,10,0,"0,6294",11,10.0,10.0,56239734,13,CAUCAIA,CAUCAIA,CAUCAIA,UN-MTN,BASICO,EM USO,1,1,"0,6294",
A09F033558,56283806,0.1270059,13,0,5,0.057971016,10,7,0,"0,6294",11,9.0,9.0,56283806,13,CAUCAIA,CAUCAIA,CAUCAIA,UN-MTN,BASICO,EM USO,1,1,"0,6294",
A11F311425,56190328,0.12497523,13,0,3,0.029411765,8,7,0,"0,6294",11,9.0,9.0,56190328,13,CAUCAIA,CAUCAIA,CAUCAIA,UN-MTN,REGULAR,EM USO,1,1,"0,6294",
A06F302416,56276214,0.16205747,13,0,3,-0.11214953,13,8,0,"0,6284",11,13.0,13.0,56276214,13,CAUCAIA,CAUCAIA,CAUCAIA,UN-MTN,REGULAR,EM USO,1,1,"0,6284",
A06S756096,56085125,0.115301624,13,0,3,0.007751938,13,11,0,"0,6284",11,17.0,17.0,56085125,13,CAUCAIA,CAUCAIA,CAUCAIA,UN-MTN,ALTO,EM USO,1,1,"0,6284",
A09F042441,57034915,0.12354738,13,0,3,0.09375,10,6,0,"0,6284",11,14.0,14.0,57034915,13,CAUCAIA,CAUCAIA,CAUCAIA,UN-MTN,BASICO,EM USO,1,1,"0,6284",
A99S506024,55953700,0.098861836,13,0,9,-0.04255319,20,11,0,"0,6284",11,18.0,18.0,55953700,13,CAUCAIA,CAUCAIA,CAUCAIA,UN-MTN,MEDIO,EM USO,1,1,"0,6284",
A99S440337,56176066,0.1393812,13,0,4,-0.047058824,20,11,0,628,11,10.0,10.0,56176066,13,CAUCAIA,CAUCAIA,CAUCAIA,UN-MTN,BASICO,EM USO,1,1,"0,628",
A08F434447,56430094,0.30197585,13,0,7,-0.35897437,11,11,0,"0,6274",11,10.0,10.0,56430094,13,CAUCAIA,CAUCAIA,CAUCAIA,UN-MTN,MEDIO,EM USO,1,1,"0,6274",
A03S315764,56175698,0.16248107,13,0,5,0.18320611,16,10,0,627,11,17.0,17.0,56175698,13,CAUCAIA,CAUCAIA,CAUCAIA,UN-MTN,REGULAR,EM USO,1,1,"0,627",
A08F359802,56117485,0.09149004,13,0,6,0.14150943,11,11,0,627,11,15.0,15.0,56117485,13,CAUCAIA,CAUCAIA,CAUCAIA,UN-MTN,REGULAR,EM USO,1,1,"0,627",
A12F347783,56170416,0.22236194,13,0,4,0.3653846,7,7,0,627,11,17.0,17.0,56170416,13,CAUCAIA,CAUCAIA,CAUCAIA,UN-MTN,REGULAR,EM USO,1,1,"0,627",
A07F237669,56169353,0.09335575,13,0,4,-0.056603774,12,8,0,"0,6265",11,13.0,13.0,56169353,13,CAUCAIA,CAUCAIA,CAUCAIA,UN-MTN,REGULAR,EM USO,1,1,"0,6265",
A10F503525,56121377,0.08079385,13,0,4,0.008928572,9,6,0,"0,6265",11,14.0,14.0,56121377,13,CAUCAIA,CAUCAIA,CAUCAIA,UN-MTN,REGULAR,EM USO,1,1,"0,6265",
A10F543326,56083262,0.68263197,13,2,1,-0.6853933,9,8,0,"0,6265",11,9.0,9.0,56083262,13,CAUCAIA,CAUCAIA,CAUCAIA,UN-MTN,BASICO,EM USO,1,1,"0,6265",
A00S186443,56161239,0.15226749,13,0,11,-0.04109589,19,11,0,626,11,9.0,9.0,56161239,13,CAUCAIA,CAUCAIA,CAUCAIA,UN-MTN,MEDIO,EM USO,1,1,"0,626",
A08F350288,56170106,0.15873003,13,0,4,-0.084033616,11,11,0,626,11,14.0,14.0,56170106,13,CAUCAIA,CAUCAIA,CAUCAIA,UN-MTN,REGULAR,EM USO,1,1,"0,626",
A08F354192,57010579,0.120013714,13,0,6,-0.04054054,11,11,0,626,11,9.0,9.0,57010579,13,CAUCAIA,CAUCAIA,CAUCAIA,UN-MTN,REGULAR,EM USO,1,1,"0,626",
A08F476432,56449640,0.26611537,13,0,6,0.20634921,11,10,0,626,11,9.0,9.0,56449640,13,CAUCAIA,CAUCAIA,CAUCAIA,UN-MTN,REGULAR,EM USO,1,1,"0,626",
A10F035879,56342519,0.6027605,13,0,2,-0.40963855,9,6,0,626,11,9.0,9.0,56342519,13,CAUCAIA,CAUCAIA,CAUCAIA,UN-MTN,REGULAR,EM USO,1,1,"0,626",
A12F033189,56612567,0.18331125,13,0,4,-0.18852459,7,6,0,626,11,14.0,14.0,56612567,13,CAUCAIA,CAUCAIA,CAUCAIA,UN-MTN,REGULAR,EM USO,1,1,"0,626",
A12F347680,56158718,0.11359564,13,0,2,-0.094017096,7,7,0,626,11,15.0,15.0,56158718,13,CAUCAIA,CAUCAIA,CAUCAIA,UN-MTN,REGULAR,EM USO,1,1,"0,626",
A99S419665,56053991,0.10792325,13,0,3,-0.052173913,20,11,0,626,11,15.0,15.0,56053991,13,CAUCAIA,CAUCAIA,CAUCAIA,UN-MTN,BASICO,EM USO,1,1,"0,626",
A04L621743,55966306,0.17851068,13,0,7,-0.24812031,15,10,0,"0,6255",11,15.0,15.0,55966306,13,CAUCAIA,CAUCAIA,CAUCAIA,UN-MTN,BASICO,EM USO,1,1,"0,6255",
A04L332983,56354649,0.1738859,13,0,4,-0.08943089,15,9,0,"0,6255",11,14.0,14.0,56354649,13,CAUCAIA,CAUCAIA,CAUCAIA,UN-MTN,REGULAR,EM USO,1,1,"0,6255",
A12F285302,56191677,0.16495585,13,0,3,-0.078947365,7,6,0,"0,6255",11,9.0,9.0,56191677,13,CAUCAIA,CAUCAIA,CAUCAIA,UN-MTN,BASICO,EM USO,1,1,"0,6255",
A01S476091,55988920,0.21912274,13,0,4,0.36065573,18,10,0,625,11,9.0,9.0,55988920,13,CAUCAIA,CAUCAIA,CAUCAIA,UN-MTN,REGULAR,EM USO,1,1,"0,625",
A02L361789,56160607,0.13084757,13,0,4,0.1919192,17,11,0,625,11,13.0,13.0,56160607,13,CAUCAIA,CAUCAIA,CAUCAIA,UN-MTN,MEDIO,EM USO,1,1,"0,625",
A02S131760,56053282,0.13010412,13,0,3,-0.025641026,17,11,0,625,11,10.0,10.0,56053282,13,CAUCAIA,CAUCAIA,CAUCAIA,UN-MTN,REGULAR,EM USO,1,1,"0,625",
A04L452943,56217340,0.36463553,13,0,5,-0.48314607,15,11,0,625,11,9.0,9.0,56217340,13,CAUCAIA,CAUCAIA,CAUCAIA,UN-MTN,BASICO,EM USO,1,1,"0,625",
A06F317500,56158025,0.13103709,13,0,1,0.18666667,13,9,0,625,11,10.0,10.0,56158025,13,CAUCAIA,CAUCAIA,CAUCAIA,UN-MTN,BASICO,EM USO,1,1,"0,625",
A09F253528,56172516,0.12544174,13,0,6,0.00862069,10,7,0,625,11,15.0,15.0,56172516,13,CAUCAIA,CAUCAIA,CAUCAIA,UN-MTN,REGULAR,EM USO,1,1,"0,625",
A10F166844,56279221,0.11111111,13,0,11,0.0,9,9,0,625,11,9.0,9.0,56279221,13,CAUCAIA,CAUCAIA,CAUCAIA,UN-MTN,REGULAR,EM USO,1,1,"0,625",
A02L375085,56190514,0.13293646,13,0,3,-0.028571429,17,10,0,"0,6245",11,9.0,9.0,56190514,13,CAUCAIA,CAUCAIA,CAUCAIA,UN-MTN,REGULAR,EM USO,1,1,"0,6245",
A04S219687,56000740,0.14085254,13,0,6,0.17741935,15,8,0,"0,6245",11,9.0,9.0,56000740,13,CAUCAIA,CAUCAIA,CAUCAIA,UN-MTN,BASICO,EM USO,1,1,"0,6245",
A04S124732,56222637,0.111097544,13,0,5,0.008333334,15,9,0,"0,6245",11,15.0,15.0,56222637,13,CAUCAIA,CAUCAIA,CAUCAIA,UN-MTN,REGULAR,EM USO,1,1,"0,6245",
A06F318977,56158750,0.09467906,13,0,3,0.06666667,13,11,0,"0,6245",11,10.0,10.0,56158750,13,CAUCAIA,CAUCAIA,CAUCAIA,UN-MTN,BASICO,EM USO,1,1,"0,6245",
A08S366344,56472153,0.36722338,13,0,3,-0.4090909,11,10,0,"0,6245",11,10.0,10.0,56472153,13,CAUCAIA,CAUCAIA,CAUCAIA,UN-MTN,BASICO,EM USO,1,1,"0,6245",
A10F559566,56275730,0.16362557,13,0,5,-0.04109589,9,8,0,"0,6245",11,9.0,9.0,56275730,13,CAUCAIA,CAUCAIA,CAUCAIA,UN-MTN,BASICO,EM USO,1,1,"0,6245",
A08F353939,56053843,0.11027128,13,0,5,0.033898305,11,11,0,624,11,15.0,15.0,56053843,13,CAUCAIA,CAUCAIA,CAUCAIA,UN-MTN,BASICO,EM USO,1,1,"0,624",
A04S012890,56037449,0.37578362,26,0,4,-0.22619048,15,9,0,"0,6235",11,9.0,9.0,56037449,13,CAUCAIA,CAUCAIA,CAUCAIA,UN-MTN,MEDIO,EM USO,1,1,"0,6235",
A04S065201,56191227,0.18778913,13,0,4,-0.15441176,15,8,0,"0,6235",11,14.0,14.0,56191227,13,CAUCAIA,CAUCAIA,CAUCAIA,UN-MTN,REGULAR,EM USO,1,1,"0,6235",
A12F095736,56354185,0.15135072,13,0,3,-0.027777778,7,6,0,"0,6235",11,9.0,9.0,56354185,13,CAUCAIA,CAUCAIA,CAUCAIA,UN-MTN,BASICO,EM USO,1,1,"0,6235",
A99L432785,56117531,0.18614084,13,0,11,-0.054054055,20,11,0,"0,6235",11,14.0,14.0,56117531,13,CAUCAIA,CAUCAIA,CAUCAIA,UN-MTN,MEDIO,EM USO,1,1,"0,6235",
A08F359471,56116543,0.1015941,13,0,3,0.092307694,11,11,0,623,11,18.0,18.0,56116543,13,CAUCAIA,CAUCAIA,CAUCAIA,UN-MTN,REGULAR,EM USO,1,1,"0,623",
A12F347448,56617224,0.19110015,13,0,5,-0.10958904,7,7,0,623,11,10.0,10.0,56617224,13,CAUCAIA,CAUCAIA,CAUCAIA,UN-MTN,REGULAR,EM USO,1,1,"0,623",
A04L539990,56171234,0.20899786,13,0,7,-0.17073171,15,11,0,"0,6226",11,9.0,9.0,56171234,13,CAUCAIA,CAUCAIA,CAUCAIA,UN-MTN,BASICO,EM USO,1,1,"0,6226",
A04S220842,56275277,0.19117437,13,0,4,-0.24666667,15,9,0,"0,6226",11,17.0,17.0,56275277,13,CAUCAIA,CAUCAIA,CAUCAIA,UN-MTN,BASICO,EM USO,1,1,"0,6226",
A08F350275,56158440,0.20344092,13,0,7,-0.27083334,11,11,0,"0,6226",11,9.0,9.0,56158440,13,CAUCAIA,CAUCAIA,CAUCAIA,UN-MTN,BASICO,EM USO,1,1,"0,6226",
A08F350279,57010501,0.116299465,13,0,2,-0.03773585,11,11,0,"0,6226",11,13.0,13.0,57010501,13,CAUCAIA,CAUCAIA,CAUCAIA,UN-MTN,REGULAR,EM USO,1,1,"0,6226",
A09F125898,56160534,0.13010412,13,0,4,0.1594203,10,10,0,"0,6226",11,10.0,10.0,56160534,13,CAUCAIA,CAUCAIA,CAUCAIA,UN-MTN,REGULAR,EM USO,1,1,"0,6226",
A11F220466,56585683,0.23681866,13,0,5,-0.1923077,8,7,0,622,11,10.0,10.0,56585683,13,CAUCAIA,CAUCAIA,CAUCAIA,UN-MTN,MEDIO,EM USO,1,1,"0,622",
A96L539983,56361424,0.30905843,13,0,10,0.028169014,23,10,0,622,11,9.0,9.0,56361424,13,CAUCAIA,CAUCAIA,CAUCAIA,UN-MTN,MEDIO,EM USO,1,1,"0,622",
A00S198542,56217137,0.8451124,13,0,4,5.7777777,19,11,0,"0,6216",11,9.0,9.0,56217137,13,CAUCAIA,CAUCAIA,CAUCAIA,UN-MTN,REGULAR,EM USO,1,1,"0,6216",
A03S157635,56054041,0.12232309,13,0,4,0.042857144,16,9,0,"0,6216",11,18.0,18.0,56054041,13,CAUCAIA,CAUCAIA,CAUCAIA,UN-MTN,REGULAR,EM USO,1,1,"0,6216",
A09F125380,56128584,0.3004626,13,0,3,-0.45774648,10,10,0,"0,6216",11,15.0,15.0,56128584,13,CAUCAIA,CAUCAIA,CAUCAIA,UN-MTN,REGULAR,EM USO,1,1,"0,6216",
A12F284723,56623470,0.30934787,13,0,4,0.68085104,7,6,0,"0,6216",11,10.0,10.0,56623470,13,CAUCAIA,CAUCAIA,CAUCAIA,UN-MTN,BASICO,EM USO,1,1,"0,6216",
A03S315551,56051727,0.12129042,13,0,5,0.18181819,16,11,0,621,11,13.0,13.0,56051727,13,CAUCAIA,CAUCAIA,CAUCAIA,UN-MTN,BASICO,EM USO,1,1,"0,621",
A07S092304,57041059,0.26172847,13,0,3,-0.12941177,12,12,0,621,11,9.0,9.0,57041059,13,CAUCAIA,CAUCAIA,CAUCAIA,UN-MTN,REGULAR,EM USO,1,1,"0,621",
A09S290213,56116152,0.12561485,13,0,5,-0.16964285,10,10,0,621,11,13.0,13.0,56116152,13,CAUCAIA,CAUCAIA,CAUCAIA,UN-MTN,REGULAR,EM USO,1,1,"0,621",
A04L621291,56190956,0.19218771,13,0,4,-0.29787233,15,11,0,"0,6206",11,14.0,14.0,56190956,13,CAUCAIA,CAUCAIA,CAUCAIA,UN-MTN,REGULAR,EM USO,1,1,"0,6206",
A04S406748,56170645,0.3510735,13,0,2,0.104761906,15,11,0,"0,6206",11,13.0,13.0,56170645,13,CAUCAIA,CAUCAIA,CAUCAIA,UN-MTN,BASICO,EM USO,1,1,"0,6206",
A10F011713,56001258,0.40036303,13,1,4,-0.35064936,9,6,0,"0,6206",11,9.0,9.0,56001258,13,CAUCAIA,CAUCAIA,CAUCAIA,UN-MTN,REGULAR,EM USO,1,1,"0,6206",
A08F350337,56166621,0.48588133,13,1,8,-0.6770833,11,11,0,"0,62",11,9.0,9.0,56166621,13,CAUCAIA,CAUCAIA,CAUCAIA,UN-MTN,REGULAR,EM USO,1,1,"0,62",
A08F519930,56156197,0.21559587,13,0,5,0.16901408,11,8,0,"0,62",11,10.0,10.0,56156197,13,CAUCAIA,CAUCAIA,CAUCAIA,UN-MTN,MEDIO,EM USO,1,1,"0,62",
A12F345451,56173113,0.24056043,13,0,5,175,7,7,0,"0,62",11,10.0,10.0,56173113,13,CAUCAIA,CAUCAIA,CAUCAIA,UN-MTN,REGULAR,EM USO,1,1,"0,62",
A02S199475,56157746,0.13271786,13,0,4,-0.1375,17,11,0,"0,6196",11,9.0,9.0,56157746,13,CAUCAIA,CAUCAIA,CAUCAIA,UN-MTN,MEDIO,EM USO,1,1,"0,6196",
A08F350303,56084943,0.07692308,13,0,5,-0.028571429,11,11,0,619,11,13.0,13.0,56084943,13,CAUCAIA,CAUCAIA,CAUCAIA,UN-MTN,REGULAR,EM USO,1,1,"0,619",
A99S519580,57029954,0.12141522,13,0,3,0.1891892,20,11,0,619,11,10.0,10.0,57029954,13,CAUCAIA,CAUCAIA,CAUCAIA,UN-MTN,BASICO,EM USO,1,1,"0,619",
A00S238791,56153988,0.09972053,13,0,5,-0.039215688,19,11,0,"0,6187",11,13.0,13.0,56153988,13,CAUCAIA,CAUCAIA,CAUCAIA,UN-MTN,BASICO,EM USO,1,1,"0,6187",
A02S407329,55953468,0.10442651,13,0,9,-0.025423728,17,9,0,"0,6187",11,15.0,15.0,55953468,13,CAUCAIA,CAUCAIA,CAUCAIA,UN-MTN,REGULAR,EM USO,1,1,"0,6187",
A04L312263,56196660,0.2715834,13,0,6,-0.1891892,15,10,0,"0,6187",11,9.0,9.0,56196660,13,CAUCAIA,CAUCAIA,CAUCAIA,UN-MTN,BASICO,EM USO,1,1,"0,6187",
A06F327893,56539681,0.24259315,13,0,6,0.17741935,13,7,0,"0,6187",11,9.0,9.0,56539681,13,CAUCAIA,CAUCAIA,CAUCAIA,UN-MTN,BASICO,EM USO,1,1,"0,6187",
A03S550793,55966403,0.1546731,13,0,7,-0.14049587,16,9,0,618,11,14.0,14.0,55966403,13,CAUCAIA,CAUCAIA,CAUCAIA,UN-MTN,REGULAR,EM USO,1,1,"0,618",
A08F350336,56133480,0.18955903,13,0,3,-0.064935066,11,11,0,618,11,10.0,10.0,56133480,13,CAUCAIA,CAUCAIA,CAUCAIA,UN-MTN,BASICO,EM USO,1,1,"0,618",
A08F356046,56194013,0.13353893,13,0,4,-0.12295082,11,11,0,618,11,14.0,14.0,56194013,13,CAUCAIA,CAUCAIA,CAUCAIA,UN-MTN,REGULAR,EM USO,1,1,"0,618",
A08F353936,56116969,0.3328673,13,9,1,0.22058824,11,11,0,618,11,10.0,10.0,56116969,13,CAUCAIA,CAUCAIA,CAUCAIA,UN-MTN,BASICO,EM USO,1,1,"0,618",
A09F124920,56458533,0.27301547,13,0,5,-0.083333336,10,10,0,618,11,15.0,15.0,56458533,13,CAUCAIA,CAUCAIA,CAUCAIA,UN-MTN,MEDIO,EM USO,1,1,"0,618",
A05L078954,57010854,0.120013714,13,1,6,-0.14473684,14,11,0,"0,6177",11,9.0,9.0,57010854,13,CAUCAIA,CAUCAIA,CAUCAIA,UN-MTN,REGULAR,EM USO,1,1,"0,6177",
A04S355421,56285779,0.16540797,13,0,9,0.057971016,15,8,0,"0,6177",11,9.0,9.0,56285779,13,CAUCAIA,CAUCAIA,CAUCAIA,UN-MTN,BASICO,EM USO,1,1,"0,6177",
A07S210108,56154100,0.112380825,13,0,2,-0.16470589,12,11,0,"0,6177",11,10.0,10.0,56154100,13,CAUCAIA,CAUCAIA,CAUCAIA,UN-MTN,BASICO,EM USO,1,1,"0,6177",
A07S262349,56216807,0.09614695,13,0,4,0.065789476,12,11,0,"0,6177",11,10.0,10.0,56216807,13,CAUCAIA,CAUCAIA,CAUCAIA,UN-MTN,REGULAR,EM USO,1,1,"0,6177",
A08F487126,56216360,0.39973637,13,0,4,-0.52884614,11,11,0,"0,6177",11,10.0,10.0,56216360,13,CAUCAIA,CAUCAIA,CAUCAIA,UN-MTN,REGULAR,EM USO,1,1,"0,6177",
A10F060670,58346902,0.18149582,13,0,10,-0.023529412,9,5,0,"0,6177",11,10.0,10.0,58346902,13,CAUCAIA,CAUCAIA,CAUCAIA,UN-MTN,MEDIO,EM USO,1,1,"0,6177",
A98L621834,56156146,0.12763157,13,0,6,0.05,21,10,0,"0,6177",11,10.0,10.0,56156146,13,CAUCAIA,CAUCAIA,CAUCAIA,UN-MTN,REGULAR,EM USO,1,1,"0,6177",
A04S051174,56156219,0.27157798,13,0,4,-0.4065934,15,8,0,617,11,9.0,9.0,56156219,13,CAUCAIA,CAUCAIA,CAUCAIA,UN-MTN,REGULAR,EM USO,1,1,"0,617",
A08F359505,56219920,0.1350415,13,0,3,0.19354838,11,11,0,617,11,13.0,13.0,56219920,13,CAUCAIA,CAUCAIA,CAUCAIA,UN-MTN,BASICO,EM USO,1,1,"0,617",
A11F219386,56116047,0.19478159,13,0,1,0.10144927,8,7,0,617,11,10.0,10.0,56116047,13,CAUCAIA,CAUCAIA,CAUCAIA,UN-MTN,BASICO,EM USO,1,1,"0,617",
A12F347370,56157711,0.12354738,13,0,1,-0.029126214,7,7,0,617,11,14.0,14.0,56157711,13,CAUCAIA,CAUCAIA,CAUCAIA,UN-MTN,BASICO,EM USO,1,1,"0,617",
A12F095236,56590326,0.12492495,13,0,8,0.04347826,7,6,0,"0,6167",11,9.0,9.0,56590326,13,CAUCAIA,CAUCAIA,CAUCAIA,UN-MTN,REGULAR,EM USO,1,1,"0,6167",
A12F284759,56630425,0.16340299,13,0,5,-0.0989011,7,6,0,"0,6167",11,10.0,10.0,56630425,13,CAUCAIA,CAUCAIA,CAUCAIA,UN-MTN,BASICO,EM USO,1,1,"0,6167",
A07F201631,56197802,0.1906564,13,2,4,-0.12857144,12,11,0,616,11,9.0,9.0,56197802,13,CAUCAIA,CAUCAIA,CAUCAIA,UN-MTN,BASICO,EM USO,1,1,"0,616",
A09F321256,56503750,0.100012176,13,0,1,-0.13333334,10,9,0,616,11,15.0,15.0,56503750,13,CAUCAIA,CAUCAIA,CAUCAIA,UN-MTN,BASICO,EM USO,1,1,"0,616",
A10F522787,56288891,0.22221026,13,0,2,-0.1369863,9,8,0,616,11,9.0,9.0,56288891,13,CAUCAIA,CAUCAIA,CAUCAIA,UN-MTN,REGULAR,EM USO,1,1,"0,616",
A11N251120,56052677,0.41742355,13,4,3,1.6666666,8,8,0,616,11,9.0,9.0,56052677,13,CAUCAIA,CAUCAIA,CAUCAIA,UN-MTN,BASICO,EM USO,1,1,"0,616",
A01S000596,56157800,0.6284033,13,0,8,0.50442475,18,9,0,"0,6157",11,14.0,14.0,56157800,13,CAUCAIA,CAUCAIA,CAUCAIA,UN-MTN,MEDIO,EM USO,1,1,"0,6157",
A02S434565,56222688,0.14586894,13,0,3,-0.14102565,17,11,0,"0,6157",11,9.0,9.0,56222688,13,CAUCAIA,CAUCAIA,CAUCAIA,UN-MTN,REGULAR,EM USO,1,1,"0,6157",
A02S682547,55966543,0.124094516,13,0,7,-0.15068494,17,9,0,"0,6157",11,17.0,17.0,55966543,13,CAUCAIA,CAUCAIA,CAUCAIA,UN-MTN,REGULAR,EM USO,1,1,"0,6157",
A04S220318,56221711,0.49611828,13,0,4,0.19672132,15,11,0,"0,6157",11,9.0,9.0,56221711,13,CAUCAIA,CAUCAIA,CAUCAIA,UN-MTN,BASICO,EM USO,1,1,"0,6157",
A06F342986,56157770,0.15987535,13,0,1,-0.17582418,13,11,0,"0,6157",11,10.0,10.0,56157770,13,CAUCAIA,CAUCAIA,CAUCAIA,UN-MTN,REGULAR,EM USO,1,1,"0,6157",
A08F493705,56115415,0.14199416,13,0,3,-0.25157234,11,9,0,"0,6157",11,18.0,18.0,56115415,13,CAUCAIA,CAUCAIA,CAUCAIA,UN-MTN,BASICO,EM USO,1,1,"0,6157",
A08F353478,55953107,0.2070591,13,0,8,0.058252428,11,11,0,615,11,13.0,13.0,55953107,13,CAUCAIA,CAUCAIA,CAUCAIA,UN-MTN,MEDIO,EM USO,1,1,"0,615",
A01S600514,56198990,0.5027957,13,1,4,2.0,18,11,0,"0,6147",11,9.0,9.0,56198990,13,CAUCAIA,CAUCAIA,CAUCAIA,UN-MTN,BASICO,EM USO,1,1,"0,6147",
A04S323135,56274009,0.10177936,13,0,4,0.12857144,15,8,0,"0,6147",11,9.0,9.0,56274009,13,CAUCAIA,CAUCAIA,CAUCAIA,UN-MTN,BASICO,EM USO,1,1,"0,6147",
A03S446825,56001266,0.16706046,13,0,8,-0.13793103,16,11,0,"0,6143",11,13.0,13.0,56001266,13,CAUCAIA,CAUCAIA,CAUCAIA,UN-MTN,BASICO,EM USO,1,1,"0,6143",
A04S125020,56276036,0.111545466,13,0,5,0.10576923,15,8,0,"0,6143",11,14.0,14.0,56276036,13,CAUCAIA,CAUCAIA,CAUCAIA,UN-MTN,REGULAR,EM USO,1,1,"0,6143",
A05L082253,56110251,0.19765668,13,0,12,-0.12048193,14,6,0,614,11,19.0,19.0,56110251,13,CAUCAIA,CAUCAIA,CAUCAIA,UN-MTN,ALTO,EM USO,1,1,"0,614",
A05L148021,56115474,0.09531294,13,0,1,-0.04950495,14,11,0,614,11,13.0,13.0,56115474,13,CAUCAIA,CAUCAIA,CAUCAIA,UN-MTN,REGULAR,EM USO,1,1,"0,614",
A06F370794,56158939,0.10298273,13,0,6,0.064935066,13,8,0,614,11,10.0,10.0,56158939,13,CAUCAIA,CAUCAIA,CAUCAIA,UN-MTN,BASICO,EM USO,1,1,"0,614",
A03S146927,56354380,0.62570536,13,2,3,2.1538463,16,9,0,"0,6133",11,9.0,9.0,56354380,13,CAUCAIA,CAUCAIA,CAUCAIA,UN-MTN,REGULAR,EM USO,1,1,"0,6133",
A07F205905,56191545,0.27014604,13,0,3,-0.29299363,12,8,0,613,11,15.0,15.0,56191545,13,CAUCAIA,CAUCAIA,CAUCAIA,UN-MTN,BASICO,EM USO,1,1,"0,613",
A00N321737,56051751,0.16034737,13,0,4,-0.17857143,19,11,0,"0,6123",11,13.0,13.0,56051751,13,CAUCAIA,CAUCAIA,CAUCAIA,UN-MTN,BASICO,EM USO,1,1,"0,6123",
A02L531851,56447779,0.20368652,13,0,6,-0.051282052,17,10,0,"0,6123",11,10.0,10.0,56447779,13,CAUCAIA,CAUCAIA,CAUCAIA,UN-MTN,REGULAR,EM USO,1,1,"0,6123",
A04S322523,56167547,0.18941757,13,0,3,-0.028169014,15,8,0,"0,6123",11,9.0,9.0,56167547,13,CAUCAIA,CAUCAIA,CAUCAIA,UN-MTN,REGULAR,EM USO,1,1,"0,6123",
A09F185245,56082231,0.14058225,13,0,3,-0.102564104,10,10,0,"0,6123",11,10.0,10.0,56082231,13,CAUCAIA,CAUCAIA,CAUCAIA,UN-MTN,REGULAR,EM USO,1,1,"0,6123",
A11F224692,56166753,0.14823079,13,0,3,-0.2,8,6,0,"0,6123",11,9.0,9.0,56166753,13,CAUCAIA,CAUCAIA,CAUCAIA,UN-MTN,REGULAR,EM USO,1,1,"0,6123",
A12F094437,56620276,0.13583747,13,0,3,0.009615385,7,6,0,"0,6123",11,13.0,13.0,56620276,13,CAUCAIA,CAUCAIA,CAUCAIA,UN-MTN,BASICO,EM USO,1,1,"0,6123",
A04S051906,56158920,0.5861923,13,0,3,2.1351352,15,8,0,612,11,9.0,9.0,56158920,13,CAUCAIA,CAUCAIA,CAUCAIA,UN-MTN,BASICO,EM USO,1,1,"0,612",
A05F330476,56225822,0.12073075,13,0,1,0.06410257,14,11,0,612,11,10.0,10.0,56225822,13,CAUCAIA,CAUCAIA,CAUCAIA,UN-MTN,REGULAR,EM USO,1,1,"0,612",
A08F286853,57037728,0.13083091,13,0,3,0.0,11,6,0,612,11,9.0,9.0,57037728,13,CAUCAIA,CAUCAIA,CAUCAIA,UN-MTN,BASICO,EM USO,1,1,"0,612",
A08F295022,56216602,0.13599747,13,0,3,-0.029850746,11,11,0,"0,6113",11,9.0,9.0,56216602,13,CAUCAIA,CAUCAIA,CAUCAIA,UN-MTN,REGULAR,EM USO,1,1,"0,6113",
A09F057393,56212291,0.25662544,13,0,5,-0.37804878,10,10,0,"0,6113",11,9.0,9.0,56212291,13,CAUCAIA,CAUCAIA,CAUCAIA,UN-MTN,REGULAR,EM USO,1,1,"0,6113",
A09F185177,56152272,0.33678514,13,0,6,0.03125,10,10,0,"0,6113",11,10.0,10.0,56152272,13,CAUCAIA,CAUCAIA,CAUCAIA,UN-MTN,REGULAR,EM USO,1,1,"0,6113",
A12F095710,56175957,0.28424305,13,0,1,-0.4113475,7,6,0,"0,6113",11,15.0,15.0,56175957,13,CAUCAIA,CAUCAIA,CAUCAIA,UN-MTN,BASICO,EM USO,1,1,"0,6113",
A04L503207,57010722,0.20440511,13,0,6,-0.23157895,15,11,0,611,11,10.0,10.0,57010722,13,CAUCAIA,CAUCAIA,CAUCAIA,UN-MTN,REGULAR,EM USO,1,1,"0,611",
A08F359467,56224745,0.13145924,13,0,3,-0.11643836,11,11,0,611,11,17.0,17.0,56224745,13,CAUCAIA,CAUCAIA,CAUCAIA,UN-MTN,BASICO,EM USO,1,1,"0,611",
A04S258019,56025386,0.099622145,13,0,6,0.114285715,15,8,0,"0,6104",11,19.0,19.0,56025386,13,CAUCAIA,CAUCAIA,CAUCAIA,UN-MTN,BASICO,EM USO,1,1,"0,6104",
A08F244141,56455569,0.14547338,13,0,4,-0.26190478,11,11,0,"0,6104",11,9.0,9.0,56455569,13,CAUCAIA,CAUCAIA,CAUCAIA,UN-MTN,REGULAR,EM USO,1,1,"0,6104",
A11F219866,56450800,0.6616823,13,3,3,-0.65591395,8,7,0,"0,6104",11,9.0,9.0,56450800,13,CAUCAIA,CAUCAIA,CAUCAIA,UN-MTN,REGULAR,EM USO,1,1,"0,6104",
A11N235740,57043167,0.21079278,13,0,1,-0.21505377,8,7,0,"0,6104",11,10.0,10.0,57043167,13,CAUCAIA,CAUCAIA,CAUCAIA,UN-MTN,BASICO,EM USO,1,1,"0,6104",
A01S008211,56085265,0.17435499,13,0,4,0.19178082,18,11,0,"0,61",11,10.0,10.0,56085265,13,CAUCAIA,CAUCAIA,CAUCAIA,UN-MTN,REGULAR,EM USO,1,1,"0,61",
A03S148571,56036728,0.10142285,13,0,4,-0.13580246,16,11,0,"0,61",11,9.0,9.0,56036728,13,CAUCAIA,CAUCAIA,CAUCAIA,UN-MTN,REGULAR,EM USO,1,1,"0,61",
A10F246886,56548699,0.20799607,13,0,6,-0.01369863,9,9,0,"0,61",11,10.0,10.0,56548699,13,CAUCAIA,CAUCAIA,CAUCAIA,UN-MTN,ALTO,EM USO,1,1,"0,61",
A02L375067,56169329,0.612893,13,4,4,0.18181819,17,10,0,"0,6094",11,10.0,10.0,56169329,13,CAUCAIA,CAUCAIA,CAUCAIA,UN-MTN,REGULAR,EM USO,1,1,"0,6094",
A04L315923,56129491,0.2288422,13,0,4,-0.19791667,15,10,0,"0,6094",11,10.0,10.0,56129491,13,CAUCAIA,CAUCAIA,CAUCAIA,UN-MTN,BASICO,EM USO,1,1,"0,6094",
A12F032663,56620420,0.120013714,13,0,5,0.0882353,7,6,0,609,11,9.0,9.0,56620420,13,CAUCAIA,CAUCAIA,CAUCAIA,UN-MTN,BASICO,EM USO,1,1,"0,609",
A99S523811,56226837,0.107095584,13,0,6,0.112068966,20,11,0,609,11,15.0,15.0,56226837,13,CAUCAIA,CAUCAIA,CAUCAIA,UN-MTN,BASICO,EM USO,1,1,"0,609",
A01S547501,56160828,0.14803891,13,0,5,0.18867925,18,9,0,"0,6084",11,14.0,14.0,56160828,13,CAUCAIA,CAUCAIA,CAUCAIA,UN-MTN,BASICO,EM USO,1,1,"0,6084",
A07F216896,56128835,0.13665521,13,4,5,-0.05,12,9,0,"0,6084",11,13.0,13.0,56128835,13,CAUCAIA,CAUCAIA,CAUCAIA,UN-MTN,REGULAR,EM USO,1,1,"0,6084",
A08F402159,56471343,0.20519398,13,0,3,-0.051282052,11,11,0,"0,6084",11,10.0,10.0,56471343,13,CAUCAIA,CAUCAIA,CAUCAIA,UN-MTN,REGULAR,EM USO,1,1,"0,6084",
A09F031923,56172974,0.39997706,13,0,4,-0.027777778,10,7,0,"0,6084",11,9.0,9.0,56172974,13,CAUCAIA,CAUCAIA,CAUCAIA,UN-MTN,BASICO,EM USO,1,1,"0,6084",
A99S504318,56053932,0.07208724,13,0,3,0.006849315,20,11,0,"0,6084",11,18.0,18.0,56053932,13,CAUCAIA,CAUCAIA,CAUCAIA,UN-MTN,BASICO,EM USO,1,1,"0,6084",
A07S294802,56158122,0.102777675,13,0,1,-0.04385965,12,11,0,608,11,15.0,15.0,56158122,13,CAUCAIA,CAUCAIA,CAUCAIA,UN-MTN,REGULAR,EM USO,1,1,"0,608",
A11F001969,56221789,0.11123608,13,0,2,0.08571429,8,6,0,608,11,9.0,9.0,56221789,13,CAUCAIA,CAUCAIA,CAUCAIA,UN-MTN,BASICO,EM USO,1,1,"0,608",
A11F238196,55953220,0.21912274,13,0,8,0.025974026,8,6,0,608,11,10.0,10.0,55953220,13,CAUCAIA,CAUCAIA,CAUCAIA,UN-MTN,MEDIO,EM USO,1,1,"0,608",
A12F033463,56591071,0.2736421,13,0,5,-0.04054054,7,6,0,608,11,10.0,10.0,56591071,13,CAUCAIA,CAUCAIA,CAUCAIA,UN-MTN,REGULAR,EM USO,1,1,"0,608",
A01S009139,56043813,0.09091216,13,0,4,0.10769231,18,11,0,"0,6074",11,9.0,9.0,56043813,13,CAUCAIA,CAUCAIA,CAUCAIA,UN-MTN,BASICO,EM USO,1,1,"0,6074",
A03S410478,56216912,0.41847304,13,0,5,0.59016395,16,9,0,"0,6074",11,9.0,9.0,56216912,13,CAUCAIA,CAUCAIA,CAUCAIA,UN-MTN,REGULAR,EM USO,1,1,"0,6074",
A04S160779,56158882,0.20829047,13,0,5,-0.22689076,15,11,0,"0,6074",11,14.0,14.0,56158882,13,CAUCAIA,CAUCAIA,CAUCAIA,UN-MTN,REGULAR,EM USO,1,1,"0,6074",
A06F332256,56157908,0.48680505,13,1,4,-0.50549453,13,11,0,"0,6074",11,9.0,9.0,56157908,13,CAUCAIA,CAUCAIA,CAUCAIA,UN-MTN,REGULAR,EM USO,1,1,"0,6074",
A98L621293,56128703,0.138346,13,0,4,-0.20253165,21,10,0,607,11,9.0,9.0,56128703,13,CAUCAIA,CAUCAIA,CAUCAIA,UN-MTN,REGULAR,EM USO,1,1,"0,607",
A03S515873,56173067,0.19713639,13,0,5,0.034965035,16,10,0,"0,6064",11,18.0,18.0,56173067,13,CAUCAIA,CAUCAIA,CAUCAIA,UN-MTN,BASICO,EM USO,1,1,"0,6064",
A03S446846,56085400,0.12656136,13,0,3,-0.088495575,16,9,0,"0,6064",11,13.0,13.0,56085400,13,CAUCAIA,CAUCAIA,CAUCAIA,UN-MTN,REGULAR,EM USO,1,1,"0,6064",
A04S050718,56152361,0.19250114,13,0,6,0.08080808,15,8,0,"0,6064",11,13.0,13.0,56152361,13,CAUCAIA,CAUCAIA,CAUCAIA,UN-MTN,REGULAR,EM USO,1,1,"0,6064",
A08F350298,56197853,0.15790735,13,0,6,0.024096385,11,11,0,"0,6064",11,10.0,10.0,56197853,13,CAUCAIA,CAUCAIA,CAUCAIA,UN-MTN,REGULAR,EM USO,1,1,"0,6064",
A11F219368,56053673,0.4052641,13,0,3,-0.04477612,8,7,0,"0,6064",11,9.0,9.0,56053673,13,CAUCAIA,CAUCAIA,CAUCAIA,UN-MTN,BASICO,EM USO,1,1,"0,6064",
A03S017348,56221037,0.12976055,13,0,5,-0.19166666,16,11,0,606,11,14.0,14.0,56221037,13,CAUCAIA,CAUCAIA,CAUCAIA,UN-MTN,MEDIO,EM USO,1,1,"0,606",
A03S582835,55953441,0.20196685,13,0,8,0.32142857,16,8,0,606,11,13.0,13.0,55953441,13,CAUCAIA,CAUCAIA,CAUCAIA,UN-MTN,MEDIO,EM USO,1,1,"0,606",
A06F346403,56217960,0.30849227,13,0,3,-0.22077923,13,11,0,606,11,10.0,10.0,56217960,13,CAUCAIA,CAUCAIA,CAUCAIA,UN-MTN,BASICO,EM USO,1,1,"0,606",
A08F354190,56115717,0.11548782,13,0,4,0.0,11,11,0,606,11,17.0,17.0,56115717,13,CAUCAIA,CAUCAIA,CAUCAIA,UN-MTN,BASICO,EM USO,1,1,"0,606",
A08F429242,56128622,0.08985165,13,0,6,0.0,11,8,0,606,11,13.0,13.0,56128622,13,CAUCAIA,CAUCAIA,CAUCAIA,UN-MTN,MEDIO,EM USO,1,1,"0,606",
A08F466448,56479077,0.17562233,13,0,4,-0.01369863,11,11,0,606,11,9.0,9.0,56479077,13,CAUCAIA,CAUCAIA,CAUCAIA,UN-MTN,REGULAR,EM USO,1,1,"0,606",
A10F161263,56539339,0.11123608,13,3,2,0.083333336,9,9,0,606,11,9.0,9.0,56539339,13,CAUCAIA,CAUCAIA,CAUCAIA,UN-MTN,BASICO,EM USO,1,1,"0,606",
A01S068217,56069332,0.14663845,13,0,5,-0.09195402,18,11,0,"0,6055",11,10.0,10.0,56069332,13,CAUCAIA,CAUCAIA,CAUCAIA,UN-MTN,BASICO,EM USO,1,1,"0,6055",
A00N320634,56158343,0.109081395,13,0,5,-0.13445379,19,11,0,605,11,13.0,13.0,56158343,13,CAUCAIA,CAUCAIA,CAUCAIA,UN-MTN,MEDIO,EM USO,1,1,"0,605",
A00S119944,56217129,0.17049643,13,0,3,-0.1882353,19,11,0,605,11,10.0,10.0,56217129,13,CAUCAIA,CAUCAIA,CAUCAIA,UN-MTN,REGULAR,EM USO,1,1,"0,605",
A04L267458,56158114,0.1412201,13,0,3,0.11594203,15,7,0,605,11,10.0,10.0,56158114,13,CAUCAIA,CAUCAIA,CAUCAIA,UN-MTN,BASICO,EM USO,1,1,"0,605",
A04S260312,56035128,0.1331438,13,0,4,-0.11764706,15,8,0,605,11,9.0,9.0,56035128,13,CAUCAIA,CAUCAIA,CAUCAIA,UN-MTN,BASICO,EM USO,1,1,"0,605",
A02S751941,55967540,0.14864276,13,0,5,0.07692308,17,9,0,"0,6045",11,10.0,10.0,55967540,13,CAUCAIA,CAUCAIA,CAUCAIA,UN-MTN,BASICO,EM USO,1,1,"0,6045",
A04L721993,56117060,0.13308662,13,0,1,0.05970149,15,11,0,604,11,9.0,9.0,56117060,13,CAUCAIA,CAUCAIA,CAUCAIA,UN-MTN,REGULAR,EM USO,1,1,"0,604",
A99S516459,56199899,0.16040313,13,0,5,-0.1904762,20,11,0,604,11,10.0,10.0,56199899,13,CAUCAIA,CAUCAIA,CAUCAIA,UN-MTN,BASICO,EM USO,1,1,"0,604",
A00S596926,56221720,0.18218124,13,0,4,-0.18181819,19,11,0,"0,6035",11,14.0,14.0,56221720,13,CAUCAIA,CAUCAIA,CAUCAIA,UN-MTN,REGULAR,EM USO,1,1,"0,6035",
A00S122094,56223013,0.11237726,13,0,5,0.035714287,19,11,0,603,11,10.0,10.0,56223013,13,CAUCAIA,CAUCAIA,CAUCAIA,UN-MTN,BASICO,EM USO,1,1,"0,603",
A00S604242,56136315,0.16577247,13,0,3,0.04,19,11,0,603,11,13.0,13.0,56136315,13,CAUCAIA,CAUCAIA,CAUCAIA,UN-MTN,REGULAR,EM USO,1,1,"0,603",
A01S689295,56271930,0.13379687,13,0,5,-0.15853658,18,9,0,603,11,9.0,9.0,56271930,13,CAUCAIA,CAUCAIA,CAUCAIA,UN-MTN,BASICO,EM USO,1,1,"0,603",
A03S516926,56221380,0.114484645,13,0,4,-0.09243698,16,9,0,603,11,15.0,15.0,56221380,13,CAUCAIA,CAUCAIA,CAUCAIA,UN-MTN,BASICO,EM USO,1,1,"0,603",
A04L546730,55953166,0.27794,13,0,16,-0.2987013,15,7,0,603,11,18.0,18.0,55953166,13,CAUCAIA,CAUCAIA,CAUCAIA,UN-MTN,MEDIO,EM USO,1,1,"0,603",
A11F218454,56559054,0.6133549,13,0,6,-0.12195122,8,7,0,603,11,10.0,10.0,56559054,13,CAUCAIA,CAUCAIA,CAUCAIA,UN-MTN,REGULAR,EM USO,1,1,"0,603",
A01N661473,56224818,0.13132739,13,0,6,0.089108914,18,11,0,"0,6025",11,13.0,13.0,56224818,13,CAUCAIA,CAUCAIA,CAUCAIA,UN-MTN,REGULAR,EM USO,1,1,"0,6025",
A03S554652,56052910,0.13481474,13,0,10,0.08181818,16,8,0,"0,6025",11,14.0,14.0,56052910,13,CAUCAIA,CAUCAIA,CAUCAIA,UN-MTN,BASICO,EM USO,1,1,"0,6025",
A08F354267,56198655,0.18893877,13,0,3,0.06557377,11,11,0,"0,6025",11,9.0,9.0,56198655,13,CAUCAIA,CAUCAIA,CAUCAIA,UN-MTN,REGULAR,EM USO,1,1,"0,6025",
A04S051108,56212992,0.26808298,13,0,4,-0.04109589,15,8,0,"0,6016",11,10.0,10.0,56212992,13,CAUCAIA,CAUCAIA,CAUCAIA,UN-MTN,BASICO,EM USO,1,1,"0,6016",
A04S220214,55953182,0.24028228,13,0,4,-0.045045044,15,8,0,"0,6016",11,14.0,14.0,55953182,13,CAUCAIA,CAUCAIA,CAUCAIA,UN-MTN,MEDIO,EM USO,1,1,"0,6016",
A03S314765,56134479,0.67738456,13,2,6,5.076923,16,8,0,601,11,9.0,9.0,56134479,13,CAUCAIA,CAUCAIA,CAUCAIA,UN-MTN,BASICO,EM USO,1,1,"0,601",
A04L457684,55961959,0.12332042,13,0,8,0.10958904,15,7,0,601,11,10.0,10.0,55961959,13,CAUCAIA,CAUCAIA,CAUCAIA,UN-MTN,BASICO,EM USO,1,1,"0,601",
A12F095804,56612966,0.18428631,13,0,1,-0.27131784,7,6,0,601,11,15.0,15.0,56612966,13,CAUCAIA,CAUCAIA,CAUCAIA,UN-MTN,BASICO,EM USO,1,1,"0,601",
A04L200599,56171188,0.3384168,13,0,6,-0.28915662,15,11,0,"0,6006",11,10.0,10.0,56171188,13,CAUCAIA,CAUCAIA,CAUCAIA,UN-MTN,MEDIO,EM USO,1,1,"0,6006",
A07F346109,56116144,0.09973697,13,0,3,0.16666667,12,7,0,"0,6006",11,15.0,15.0,56116144,13,CAUCAIA,CAUCAIA,CAUCAIA,UN-MTN,REGULAR,EM USO,1,1,"0,6006",
A09F044044,56287186,0.43015432,13,0,4,-0.23232323,10,10,0,"0,6006",11,10.0,10.0,56287186,13,CAUCAIA,CAUCAIA,CAUCAIA,UN-MTN,BASICO,EM USO,1,1,"0,6006",
A00S628344,56221827,0.73368204,13,0,5,0.9396552,19,11,0,"0,6",11,18.0,18.0,56221827,13,CAUCAIA,CAUCAIA,CAUCAIA,UN-MTN,REGULAR,EM USO,1,1,"0,6",
A02S129790,56288964,0.16156572,13,0,4,0.030303031,17,8,0,"0,6",11,13.0,13.0,56288964,13,CAUCAIA,CAUCAIA,CAUCAIA,UN-MTN,BASICO,EM USO,1,1,"0,6",
A03S020083,56112572,0.18851084,13,0,6,-0.21100917,16,11,0,"0,6",11,13.0,13.0,56112572,13,CAUCAIA,CAUCAIA,CAUCAIA,UN-MTN,REGULAR,EM USO,1,1,"0,6",
A08F352419,56226268,0.13193658,13,2,8,-0.023255814,11,11,0,"0,6",11,10.0,10.0,56226268,13,CAUCAIA,CAUCAIA,CAUCAIA,UN-MTN,BASICO,EM USO,1,1,"0,6",
A12F346321,56128665,0.35117203,13,0,5,-0.278481,7,7,0,"0,5996",11,13.0,13.0,56128665,13,CAUCAIA,CAUCAIA,CAUCAIA,UN-MTN,REGULAR,EM USO,1,1,"0,5996",
A99S509361,56053347,0.15044515,13,0,1,-0.028169014,20,11,0,"0,5996",11,9.0,9.0,56053347,13,CAUCAIA,CAUCAIA,CAUCAIA,UN-MTN,REGULAR,EM USO,1,1,"0,5996",
A00N424549,57040389,0.16415934,13,0,5,0.09259259,19,11,0,599,11,15.0,15.0,57040389,13,CAUCAIA,CAUCAIA,CAUCAIA,UN-MTN,REGULAR,EM USO,1,1,"0,599",
A04S428617,55953212,0.1218486,13,0,12,-0.11111111,15,8,0,599,11,18.0,18.0,55953212,13,CAUCAIA,CAUCAIA,CAUCAIA,UN-MTN,MEDIO,EM USO,1,1,"0,599",
A99L093213,56191634,0.2659278,13,0,8,-0.3164557,20,10,0,599,11,9.0,9.0,56191634,13,CAUCAIA,CAUCAIA,CAUCAIA,UN-MTN,BASICO,EM USO,1,1,"0,599",
A04S039234,56227353,0.44905022,13,0,3,-0.50980395,15,9,0,"0,5986",11,9.0,9.0,56227353,13,CAUCAIA,CAUCAIA,CAUCAIA,UN-MTN,BASICO,EM USO,1,1,"0,5986",
A09F215321,56509260,0.085277215,13,0,4,0.019417476,10,10,0,"0,5986",11,13.0,13.0,56509260,13,CAUCAIA,CAUCAIA,CAUCAIA,UN-MTN,BASICO,EM USO,1,1,"0,5986",
A12F140717,56613733,0.30579546,13,0,5,-0.31578946,7,6,0,"0,5986",11,9.0,9.0,56613733,13,CAUCAIA,CAUCAIA,CAUCAIA,UN-MTN,BASICO,EM USO,1,1,"0,5986",
A03S316387,56190549,0.100949466,13,0,2,0.014925373,16,9,0,598,11,9.0,9.0,56190549,13,CAUCAIA,CAUCAIA,CAUCAIA,UN-MTN,BASICO,EM USO,1,1,"0,598",
A06F380254,56199058,0.16913068,13,0,5,-0.013888889,13,6,0,598,11,10.0,10.0,56199058,13,CAUCAIA,CAUCAIA,CAUCAIA,UN-MTN,REGULAR,EM USO,1,1,"0,598",
A04S042086,55953867,0.26140645,13,0,5,-0.18072289,15,8,0,"0,5977",11,9.0,9.0,55953867,13,CAUCAIA,CAUCAIA,CAUCAIA,UN-MTN,REGULAR,EM USO,1,1,"0,5977",
A12F033874,56620519,0.11458981,13,0,6,-0.010204081,7,6,0,"0,5977",11,13.0,13.0,56620519,13,CAUCAIA,CAUCAIA,CAUCAIA,UN-MTN,REGULAR,EM USO,1,1,"0,5977",
A04S355490,55953271,0.16293578,13,0,9,-0.23703703,15,7,0,597,11,14.0,14.0,55953271,13,CAUCAIA,CAUCAIA,CAUCAIA,UN-MTN,REGULAR,EM USO,1,1,"0,597",
A12F180830,56360029,0.12304051,13,0,5,0.0375,7,6,0,597,11,10.0,10.0,56360029,13,CAUCAIA,CAUCAIA,CAUCAIA,UN-MTN,BASICO,EM USO,1,1,"0,597",
A00S628082,56224443,0.33680415,13,0,8,-0.14606741,19,11,0,596,11,10.0,10.0,56224443,13,CAUCAIA,CAUCAIA,CAUCAIA,UN-MTN,REGULAR,EM USO,1,1,"0,596",
A05L143427,56084994,0.29888433,13,1,4,-0.2857143,14,11,0,596,11,10.0,10.0,56084994,13,CAUCAIA,CAUCAIA,CAUCAIA,UN-MTN,REGULAR,EM USO,1,1,"0,596",
A08F350343,56058314,0.07935728,13,0,4,0.009615385,11,11,0,596,11,13.0,13.0,56058314,13,CAUCAIA,CAUCAIA,CAUCAIA,UN-MTN,BASICO,EM USO,1,1,"0,596",
A08F352631,55990037,0.08640601,13,0,2,0.060606062,11,11,0,"0,5957",11,9.0,9.0,55990037,13,CAUCAIA,CAUCAIA,CAUCAIA,UN-MTN,BASICO,EM USO,1,1,"0,5957",
A01S545639,56160631,0.14586894,13,0,2,-0.22352941,18,11,0,"0,5947",11,9.0,9.0,56160631,13,CAUCAIA,CAUCAIA,CAUCAIA,UN-MTN,BASICO,EM USO,1,1,"0,5947",
A04S121120,56346107,0.43592173,13,0,1,-0.52,15,8,0,"0,5947",11,9.0,9.0,56346107,13,CAUCAIA,CAUCAIA,CAUCAIA,UN-MTN,BASICO,EM USO,1,1,"0,5947",
A02S406452,56359454,0.22389625,13,0,6,-0.02877698,17,9,0,"0,5933",11,18.0,18.0,56359454,13,CAUCAIA,CAUCAIA,CAUCAIA,UN-MTN,BASICO,EM USO,1,1,"0,5933",
A03S017488,56197772,0.17377174,13,0,4,-0.18681319,16,8,0,"0,5933",11,10.0,10.0,56197772,13,CAUCAIA,CAUCAIA,CAUCAIA,UN-MTN,REGULAR,EM USO,1,1,"0,5933",
A03S147383,55996582,1.1489125,13,7,3,-1.0,16,11,0,593,11,10.0,10.0,55996582,13,CAUCAIA,CAUCAIA,CAUCAIA,UN-MTN,BASICO,EM USO,1,1,"0,593",
A01S597215,56198353,0.19193105,13,0,3,-0.13157895,18,11,0,"0,5923",11,9.0,9.0,56198353,13,CAUCAIA,CAUCAIA,CAUCAIA,UN-MTN,REGULAR,EM USO,1,1,"0,5923",
A02S131714,56052987,0.092132896,13,0,9,0.0,17,11,0,"0,5923",11,14.0,14.0,56052987,13,CAUCAIA,CAUCAIA,CAUCAIA,UN-MTN,REGULAR,EM USO,1,1,"0,5923",
A08F350282,56158785,0.18383873,13,0,1,-0.16470589,11,11,0,"0,5913",11,18.0,18.0,56158785,13,CAUCAIA,CAUCAIA,CAUCAIA,UN-MTN,REGULAR,EM USO,1,1,"0,5913",
A01N661190,56116918,0.24337186,13,0,6,-0.38541666,18,11,0,591,11,9.0,9.0,56116918,13,CAUCAIA,CAUCAIA,CAUCAIA,UN-MTN,REGULAR,EM USO,1,1,"0,591",
A00S633637,56226225,0.25933266,13,0,4,-0.17777778,19,11,0,"0,5903",11,9.0,9.0,56226225,13,CAUCAIA,CAUCAIA,CAUCAIA,UN-MTN,REGULAR,EM USO,1,1,"0,5903",
A03S213065,56170971,0.11811144,13,0,3,0.06849315,16,8,0,"0,5903",11,10.0,10.0,56170971,13,CAUCAIA,CAUCAIA,CAUCAIA,UN-MTN,BASICO,EM USO,1,1,"0,5903",
A07S313381,56279710,0.07550893,13,0,2,0.044247787,12,8,0,"0,5903",11,15.0,15.0,56279710,13,CAUCAIA,CAUCAIA,CAUCAIA,UN-MTN,BASICO,EM USO,1,1,"0,5903",
A99S525478,56053754,0.11608511,13,0,1,0.13265306,20,11,0,"0,59",11,13.0,13.0,56053754,13,CAUCAIA,CAUCAIA,CAUCAIA,UN-MTN,REGULAR,EM USO,1,1,"0,59",
A03S516217,56053541,0.08162138,13,0,4,0.008474576,16,9,0,589,11,15.0,15.0,56053541,13,CAUCAIA,CAUCAIA,CAUCAIA,UN-MTN,BASICO,EM USO,1,1,"0,589",
A04S261418,55953778,1.0158287,13,3,8,-0.93793106,15,8,0,"0,5884",11,10.0,10.0,55953778,13,CAUCAIA,CAUCAIA,CAUCAIA,UN-MTN,MEDIO,EM USO,1,1,"0,5884",
A04S320104,56225539,0.14687864,13,0,4,0.0,15,8,0,"0,5884",11,9.0,9.0,56225539,13,CAUCAIA,CAUCAIA,CAUCAIA,UN-MTN,MEDIO,EM USO,1,1,"0,5884",
A12F033917,56224524,0.501539,13,0,3,-0.25316456,7,6,0,588,11,10.0,10.0,56224524,13,CAUCAIA,CAUCAIA,CAUCAIA,UN-MTN,BASICO,EM USO,1,1,"0,588",
A00N424720,56170637,0.21559587,13,0,4,0.17391305,19,11,0,"0,5874",11,10.0,10.0,56170637,13,CAUCAIA,CAUCAIA,CAUCAIA,UN-MTN,BASICO,EM USO,1,1,"0,5874",
A03S583388,56170831,0.11614116,13,0,3,-0.05,16,8,0,"0,5874",11,10.0,10.0,56170831,13,CAUCAIA,CAUCAIA,CAUCAIA,UN-MTN,BASICO,EM USO,1,1,"0,5874",
A12F094491,56172893,0.74809146,13,0,2,-0.37634408,7,6,0,"0,5874",11,9.0,9.0,56172893,13,CAUCAIA,CAUCAIA,CAUCAIA,UN-MTN,BASICO,EM USO,1,1,"0,5874",
A98L621428,55953786,0.27901718,13,0,6,-0.35384616,21,10,0,"0,5874",11,14.0,14.0,55953786,13,CAUCAIA,CAUCAIA,CAUCAIA,UN-MTN,BASICO,EM USO,1,1,"0,5874",
A00S617411,56197837,0.13010412,13,1,5,0.05479452,19,11,0,587,11,10.0,10.0,56197837,13,CAUCAIA,CAUCAIA,CAUCAIA,UN-MTN,BASICO,EM USO,1,1,"0,587",
A00S188978,56227230,0.16679291,13,0,6,0.0,19,11,0,"0,5854",11,14.0,14.0,56227230,13,CAUCAIA,CAUCAIA,CAUCAIA,UN-MTN,BASICO,EM USO,1,1,"0,5854",
A99S507135,56166869,0.2601977,13,0,6,-0.21052632,20,11,0,"0,5854",11,9.0,9.0,56166869,13,CAUCAIA,CAUCAIA,CAUCAIA,UN-MTN,BASICO,EM USO,1,1,"0,5854",
A00S119702,56180330,0.25206217,13,0,4,-0.20338982,19,11,0,585,11,13.0,13.0,56180330,13,CAUCAIA,CAUCAIA,CAUCAIA,UN-MTN,BASICO,EM USO,1,1,"0,585",
A01S684533,56271867,0.070049495,13,0,4,-0.056074765,18,9,0,585,11,13.0,13.0,56271867,13,CAUCAIA,CAUCAIA,CAUCAIA,UN-MTN,BASICO,EM USO,1,1,"0,585",
A03S317411,56063890,0.20368652,13,0,3,-0.01369863,16,9,0,585,11,20.0,20.0,56063890,13,CAUCAIA,CAUCAIA,CAUCAIA,UN-MTN,REGULAR,EM USO,1,1,"0,585",
A11F035567,56158726,0.11919178,13,0,4,0.028169014,8,6,0,"0,5845",11,9.0,9.0,56158726,13,CAUCAIA,CAUCAIA,CAUCAIA,UN-MTN,REGULAR,EM USO,1,1,"0,5845",
A02S687747,56276508,0.434106,13,1,4,0.2027027,17,9,0,"0,5825",11,10.0,10.0,56276508,13,CAUCAIA,CAUCAIA,CAUCAIA,UN-MTN,REGULAR,EM USO,1,1,"0,5825",
A04L271848,56354460,0.17398708,13,0,5,0.028571429,15,7,0,581,11,9.0,9.0,56354460,13,CAUCAIA,CAUCAIA,CAUCAIA,UN-MTN,REGULAR,EM USO,1,1,"0,581",
A04L198417,56190794,0.16362557,13,3,4,-0.2195122,15,7,0,"0,5806",11,10.0,10.0,56190794,13,CAUCAIA,CAUCAIA,CAUCAIA,UN-MTN,REGULAR,EM USO,1,1,"0,5806",
A05L146559,56051760,0.34462932,13,0,8,-0.4609929,14,7,0,"0,5806",11,13.0,13.0,56051760,13,CAUCAIA,CAUCAIA,CAUCAIA,UN-MTN,REGULAR,EM USO,1,1,"0,5806",
A01S004871,56197950,0.18119995,13,1,6,-0.07586207,18,9,0,"0,5796",11,17.0,17.0,56197950,13,CAUCAIA,CAUCAIA,CAUCAIA,UN-MTN,REGULAR,EM USO,1,1,"0,5796",
A02S405633,57039186,0.3767889,13,0,1,-0.24050634,17,11,0,579,11,10.0,10.0,57039186,13,CAUCAIA,CAUCAIA,CAUCAIA,UN-MTN,REGULAR,EM USO,1,1,"0,579",
A05L146649,56116837,0.087616175,13,5,6,0.106796116,14,6,0,579,11,13.0,13.0,56116837,13,CAUCAIA,CAUCAIA,CAUCAIA,UN-MTN,REGULAR,EM USO,1,1,"0,579",
A08F222341,56085184,0.06783018,13,0,8,0.06410257,11,8,0,579,11,10.0,10.0,56085184,13,CAUCAIA,CAUCAIA,CAUCAIA,UN-MTN,MEDIO,EM USO,1,1,"0,579",
A02S132679,56173202,0.11548782,13,1,4,-0.07042254,17,11,0,"0,5786",11,9.0,9.0,56173202,13,CAUCAIA,CAUCAIA,CAUCAIA,UN-MTN,REGULAR,EM USO,1,1,"0,5786",
A02S687843,56158955,0.22027537,13,0,6,-0.20192307,17,9,0,578,11,13.0,13.0,56158955,13,CAUCAIA,CAUCAIA,CAUCAIA,UN-MTN,BASICO,EM USO,1,1,"0,578",
A98L572347,56115580,0.08414859,13,1,6,-0.0952381,21,11,0,577,11,15.0,15.0,56115580,13,CAUCAIA,CAUCAIA,CAUCAIA,UN-MTN,BASICO,EM USO,1,1,"0,577",
A04L727300,56084110,0.3238841,13,0,4,1.0,15,7,0,"0,5767",11,9.0,9.0,56084110,13,CAUCAIA,CAUCAIA,CAUCAIA,UN-MTN,BASICO,EM USO,1,1,"0,5767",
A01S541082,56489170,0.4390776,13,0,3,-0.65555555,18,10,0,576,11,10.0,10.0,56489170,13,CAUCAIA,CAUCAIA,CAUCAIA,UN-MTN,BASICO,EM USO,1,1,"0,576",
A09F321794,56128576,0.2507142,13,1,1,-0.33333334,10,9,0,576,11,18.0,18.0,56128576,13,CAUCAIA,CAUCAIA,CAUCAIA,UN-MTN,REGULAR,EM USO,1,1,"0,576",
A03S064923,56198779,0.22536115,13,0,4,-0.05970149,16,8,0,"0,5757",11,9.0,9.0,56198779,13,CAUCAIA,CAUCAIA,CAUCAIA,UN-MTN,REGULAR,EM USO,1,1,"0,5757",
A01S770129,56216742,0.20353918,13,0,5,0.0945946,18,11,0,574,11,9.0,9.0,56216742,13,CAUCAIA,CAUCAIA,CAUCAIA,UN-MTN,REGULAR,EM USO,1,1,"0,574",
A08F350466,56225644,0.7763729,13,0,3,-0.16901408,11,11,0,"0,5737",11,9.0,9.0,56225644,13,CAUCAIA,CAUCAIA,CAUCAIA,UN-MTN,BASICO,EM USO,1,1,"0,5737",
A03S356468,56199066,0.2652914,13,0,4,-0.22222222,16,8,0,573,11,10.0,10.0,56199066,13,CAUCAIA,CAUCAIA,CAUCAIA,UN-MTN,REGULAR,EM USO,1,1,"0,573",
A05L147476,56116942,0.119439855,13,1,4,-0.14102565,14,6,0,"0,5703",11,9.0,9.0,56116942,13,CAUCAIA,CAUCAIA,CAUCAIA,UN-MTN,REGULAR,EM USO,1,1,"0,5703",
A04S262857,56225814,0.39568856,13,1,3,0.0,15,8,0,"0,5684",11,10.0,10.0,56225814,13,CAUCAIA,CAUCAIA,CAUCAIA,UN-MTN,BASICO,EM USO,1,1,"0,5684",
A01S545770,56271387,0.23122193,13,0,4,-0.24778761,18,9,0,567,11,14.0,14.0,56271387,13,CAUCAIA,CAUCAIA,CAUCAIA,UN-MTN,REGULAR,EM USO,1,1,"0,567",
A04L310401,55953956,0.10757029,13,0,8,-0.00862069,15,7,0,567,11,15.0,15.0,55953956,13,CAUCAIA,CAUCAIA,CAUCAIA,UN-MTN,ALTO,EM USO,1,1,"0,567",
A04L275013,56117019,0.086900115,13,0,8,0.12,15,7,0,567,11,10.0,10.0,56117019,13,CAUCAIA,CAUCAIA,CAUCAIA,UN-MTN,REGULAR,EM USO,1,1,"0,567",
A03S409433,57002258,0.5599514,13,0,4,-0.39361703,16,8,0,"0,5645",11,13.0,13.0,57002258,13,CAUCAIA,CAUCAIA,CAUCAIA,UN-MTN,MEDIO,EM USO,1,1,"0,5645",
A12F244001,56115016,0.1955784,13,0,1,0.3472222,7,4,0,564,11,10.0,10.0,56115016,13,CAUCAIA,CAUCAIA,CAUCAIA,UN-MTN,REGULAR,EM USO,1,1,"0,564",
A10F169105,56196385,0.15218036,13,0,3,0.21505377,9,6,0,"0,5635",11,13.0,13.0,56196385,13,CAUCAIA,CAUCAIA,CAUCAIA,UN-MTN,BASICO,EM USO,1,1,"0,5635",
A05L143400,56022549,0.60873157,13,0,5,-0.7741935,14,7,0,562,11,13.0,13.0,56022549,13,CAUCAIA,CAUCAIA,CAUCAIA,UN-MTN,REGULAR,EM USO,1,1,"0,562",
A12F144115,56087225,0.1542845,13,0,4,-0.16853933,7,6,0,"0,5615",11,10.0,10.0,56087225,13,CAUCAIA,CAUCAIA,CAUCAIA,UN-MTN,REGULAR,EM USO,1,1,"0,5615",
A03S148360,56356218,0.53713673,13,0,8,-0.23333333,16,8,0,561,11,19.0,19.0,56356218,13,CAUCAIA,CAUCAIA,CAUCAIA,UN-MTN,REGULAR,EM USO,1,1,"0,561",
A08F487106,56458665,0.774063,13,1,3,-0.25510204,11,11,0,561,11,9.0,9.0,56458665,13,CAUCAIA,CAUCAIA,CAUCAIA,UN-MTN,BASICO,EM USO,1,1,"0,561",
A10F207857,56115008,0.19119176,13,0,4,0.14851485,9,6,0,"0,56",11,15.0,15.0,56115008,13,CAUCAIA,CAUCAIA,CAUCAIA,UN-MTN,REGULAR,EM USO,1,1,"0,56",
A06F271392,56157886,0.18702787,26,0,6,-0.19480519,13,6,0,553,11,9.0,9.0,56157886,13,CAUCAIA,CAUCAIA,CAUCAIA,UN-MTN,REGULAR,EM USO,1,1,"0,553",
A04L201369,55966225,0.08258927,13,0,6,-0.009345794,15,7,0,"0,5527",11,14.0,14.0,55966225,13,CAUCAIA,CAUCAIA,CAUCAIA,UN-MTN,BASICO,EM USO,1,1,"0,5527",
A13F140984,56945779,0.1447273,13,0,6,0.060344826,6,6,0,552,11,15.0,15.0,56945779,13,CAUCAIA,CAUCAIA,CAUCAIA,UN-MTN,BASICO,EM USO,1,1,"0,552",
A10F229166,56128940,0.7518716,13,0,4,1.382353,9,6,0,551,11,9.0,9.0,56128940,13,CAUCAIA,CAUCAIA,CAUCAIA,UN-MTN,REGULAR,EM USO,1,1,"0,551",
